word	frequency	collection	document	idf	doc_len
陀羅尼	102	taisho/t1332.html	taisho/t1332_01.html	0.7175	7311
陀羅尼	101	taisho/t1005A.html	taisho/t1005A_01.html	0.7175	5979
陀羅尼	97	taisho/t0397.html	taisho/t0397_04.html	0.7175	5921
陀羅尼	85	taisho/t1336.html	taisho/t1336_01.html	0.7175	4581
陀羅尼	84	taisho/t1345.html	taisho/t1345_01.html	0.7175	4117
陀羅尼	77	taisho/t1336.html	taisho/t1336_10.html	0.7175	4295
陀羅尼	74	taisho/t1008.html	taisho/t1008_01.html	0.7175	6604
陀羅尼	73	taisho/t1173.html	taisho/t1173_01.html	0.7175	3103
陀羅尼	72	taisho/t1185B.html	taisho/t1185B_01.html	0.7175	8803
陀羅尼	72	taisho/t1092.html	taisho/t1092_24.html	0.7175	6144
陀羅尼	70	taisho/t1344.html	taisho/t1344_01.html	0.7175	4019
陀羅尼	66	taisho/t1336.html	taisho/t1336_06.html	0.7175	5616
陀羅尼	65	taisho/t0397.html	taisho/t0397_37.html	0.7175	5198
陀羅尼	61	taisho/t1955.html	taisho/t1955_02.html	0.7175	9761
陀羅尼	59	taisho/t1336.html	taisho/t1336_04.html	0.7175	7546
陀羅尼	59	taisho/t1006.html	taisho/t1006_01.html	0.7175	5304
陀羅尼	58	taisho/t1788.html	taisho/t1788_04.html	0.7175	36532
陀羅尼	58	taisho/t1803.html	taisho/t1803_02.html	0.7175	13399
陀羅尼	56	taisho/t1336.html	taisho/t1336_05.html	0.7175	4811
陀羅尼	54	taisho/t1354.html	taisho/t1354_01.html	0.7175	4065
陀羅尼	52	taisho/t1014.html	taisho/t1014_01.html	0.7175	3223
陀羅尼	50	taisho/t1343.html	taisho/t1343_01.html	0.7175	6660
陀羅尼	50	taisho/t1016.html	taisho/t1016_01.html	0.7175	2294
陀羅尼	50	taisho/t1788.html	taisho/t1788_05.html	0.7175	34875
陀羅尼	50	taisho/t1185A.html	taisho/t1185A_01.html	0.7175	6467
陀羅尼	48	taisho/t0997.html	taisho/t0997_09.html	0.7175	5937
陀羅尼	48	taisho/t0397.html	taisho/t0397_35.html	0.7175	6009
陀羅尼	47	taisho/t1509.html	taisho/t1509_05.html	0.7175	6370
陀羅尼	45	taisho/t0397.html	taisho/t0397_58.html	0.7175	5868
陀羅尼	45	taisho/t1355.html	taisho/t1355_01.html	0.7175	2074
陀羅尼	45	taisho/t0397.html	taisho/t0397_36.html	0.7175	5121
陀羅尼	44	taisho/t1017.html	taisho/t1017_01.html	0.7175	3850
陀羅尼	44	taisho/t1009.html	taisho/t1009_01.html	0.7175	3268
陀羅尼	43	taisho/t2122.html	taisho/t2122_60.html	0.7175	9566
陀羅尼	42	taisho/t0397.html	taisho/t0397_38.html	0.7175	6962
陀羅尼	42	taisho/t0665.html	taisho/t0665_04.html	0.7175	3857
陀羅尼	42	taisho/t1060.html	taisho/t1060_01.html	0.7175	6385
陀羅尼	42	taisho/t1058.html	taisho/t1058_01.html	0.7175	7330
陀羅尼	41	taisho/t1339.html	taisho/t1339_01.html	0.7175	5780
陀羅尼	40	taisho/t1339.html	taisho/t1339_04.html	0.7175	4983
陀羅尼	40	taisho/t0664.html	taisho/t0664_03.html	0.7175	5603
陀羅尼	39	taisho/t1092.html	taisho/t1092_14.html	0.7175	5542
陀羅尼	38	taisho/t1336.html	taisho/t1336_07.html	0.7175	6481
陀羅尼	38	taisho/t0387.html	taisho/t0387_03.html	0.7175	4880
陀羅尼	37	taisho/t1092.html	taisho/t1092_20.html	0.7175	7358
陀羅尼	37	taisho/t0901.html	taisho/t0901_01.html	0.7175	10447
陀羅尼	37	taisho/t0999.html	taisho/t0999_03.html	0.7175	6317
陀羅尼	37	taisho/t1332.html	taisho/t1332_02.html	0.7175	6410
陀羅尼	37	taisho/t2157.html	taisho/t2157_29.html	0.7175	11009
陀羅尼	36	taisho/t0397.html	taisho/t0397_32.html	0.7175	5663
陀羅尼	34	taisho/t0937.html	taisho/t0937_01.html	0.7175	1637
陀羅尼	34	taisho/t1191.html	taisho/t1191_02.html	0.7175	3921
陀羅尼	34	taisho/t1099.html	taisho/t1099_01.html	0.7175	3680
陀羅尼	33	taisho/t0402.html	taisho/t0402_06.html	0.7175	6525
陀羅尼	33	taisho/t1057b.html	taisho/t1057b_01.html	0.7175	3890
陀羅尼	33	taisho/t0971.html	taisho/t0971_01.html	0.7175	2524
陀羅尼	33	taisho/t0967.html	taisho/t0967_01.html	0.7175	4116
陀羅尼	33	taisho/t0310.html	taisho/t0310_034.html	0.7175	4742
陀羅尼	32	taisho/t0397.html	taisho/t0397_57.html	0.7175	5964
陀羅尼	32	taisho/t1080.html	taisho/t1080_01.html	0.7175	7735
陀羅尼	32	taisho/t1153.html	taisho/t1153_01.html	0.7175	7053
陀羅尼	32	taisho/t1336.html	taisho/t1336_09.html	0.7175	4356
陀羅尼	32	taisho/t1057a.html	taisho/t1057a_01.html	0.7175	4521
陀羅尼	31	taisho/t1092.html	taisho/t1092_01.html	0.7175	6820
陀羅尼	31	taisho/t1018.html	taisho/t1018_01.html	0.7175	4528
陀羅尼	31	taisho/t1050.html	taisho/t1050_04.html	0.7175	4210
陀羅尼	31	taisho/t1140.html	taisho/t1140_01.html	0.7175	2273
陀羅尼	31	taisho/t0397.html	taisho/t0397_22.html	0.7175	8630
陀羅尼	30	taisho/t2154.html	taisho/t2154_20.html	0.7175	24963
陀羅尼	30	taisho/t1522.html	taisho/t1522_11.html	0.7175	7125
陀羅尼	30	taisho/t1092.html	taisho/t1092_21.html	0.7175	5656
陀羅尼	29	taisho/t1332.html	taisho/t1332_03.html	0.7175	5256
陀羅尼	29	taisho/t0970.html	taisho/t0970_01.html	0.7175	4166
陀羅尼	29	taisho/t1336.html	taisho/t1336_02.html	0.7175	5789
陀羅尼	28	taisho/t1024.html	taisho/t1024_01.html	0.7175	3962
陀羅尼	28	taisho/t1341.html	taisho/t1341_16.html	0.7175	5626
陀羅尼	28	taisho/t1925.html	taisho/t1925_03.html	0.7175	11617
陀羅尼	28	taisho/t1336.html	taisho/t1336_03.html	0.7175	6725
陀羅尼	28	taisho/t0310.html	taisho/t0310_105.html	0.7175	5438
陀羅尼	27	taisho/t1147.html	taisho/t1147_01.html	0.7175	2445
陀羅尼	27	taisho/t0308.html	taisho/t0308_01.html	0.7175	1824
陀羅尼	27	taisho/t2157.html	taisho/t2157_22.html	0.7175	9751
陀羅尼	27	taisho/t1092.html	taisho/t1092_29.html	0.7175	6529
陀羅尼	27	taisho/t2154.html	taisho/t2154_12.html	0.7175	12307
陀羅尼	26	taisho/t0158.html	taisho/t0158_01.html	0.7175	7926
陀羅尼	26	taisho/t0936.html	taisho/t0936_01.html	0.7175	3398
陀羅尼	26	taisho/t0397.html	taisho/t0397_31.html	0.7175	5993
陀羅尼	26	taisho/t1339.html	taisho/t1339_03.html	0.7175	4099
陀羅尼	25	taisho/t1098.html	taisho/t1098_01.html	0.7175	5527
陀羅尼	25	taisho/t0397.html	taisho/t0397_21.html	0.7175	10799
陀羅尼	25	taisho/t1340.html	taisho/t1340_01.html	0.7175	4337
陀羅尼	25	taisho/t1026.html	taisho/t1026_01.html	0.7175	1587
陀羅尼	25	taisho/t0997.html	taisho/t0997_03.html	0.7175	4348
陀羅尼	24	taisho/t1139.html	taisho/t1139_01.html	0.7175	3956
陀羅尼	24	taisho/t0310.html	taisho/t0310_005.html	0.7175	5468
陀羅尼	24	taisho/t0262.html	taisho/t0262_07.html	0.7175	6833
陀羅尼	24	taisho/t0917.html	taisho/t0917_01.html	0.7175	3232
陀羅尼	24	taisho/t0968.html	taisho/t0968_01.html	0.7175	2299
陀羅尼	24	taisho/t0231.html	taisho/t0231_06.html	0.7175	3737
陀羅尼	24	taisho/t1092.html	taisho/t1092_05.html	0.7175	4982
陀羅尼	24	taisho/t1851.html	taisho/t1851_11.html	0.7175	23379
陀羅尼	23	taisho/t1153.html	taisho/t1153_02.html	0.7175	11051
陀羅尼	23	taisho/t0307.html	taisho/t0307_01.html	0.7175	1842
陀羅尼	23	taisho/t0665.html	taisho/t0665_07.html	0.7175	4380
陀羅尼	23	taisho/t1370.html	taisho/t1370_01.html	0.7175	1895
陀羅尼	23	taisho/t1092.html	taisho/t1092_06.html	0.7175	5407
陀羅尼	22	taisho/t1321.html	taisho/t1321_01.html	0.7175	4586
陀羅尼	22	taisho/t2154.html	taisho/t2154_19.html	0.7175	7782
陀羅尼	22	taisho/t1371.html	taisho/t1371_01.html	0.7175	1169
陀羅尼	22	taisho/t0310.html	taisho/t0310_115.html	0.7175	3794
陀羅尼	22	taisho/t2128.html	taisho/t2128_37.html	0.7175	7285
陀羅尼	22	taisho/t2157.html	taisho/t2157_27.html	0.7175	7991
陀羅尼	21	taisho/t0969.html	taisho/t0969_01.html	0.7175	2644
陀羅尼	21	taisho/t0388.html	taisho/t0388_01.html	0.7175	3061
陀羅尼	21	taisho/t0761.html	taisho/t0761_05.html	0.7175	7176
陀羅尼	21	taisho/t0310.html	taisho/t0310_007.html	0.7175	5875
陀羅尼	21	taisho/t1092.html	taisho/t1092_28.html	0.7175	6929
陀羅尼	21	taisho/t1912.html	taisho/t1912_02.html	0.7175	38143
陀羅尼	21	taisho/t1006.html	taisho/t1006_03.html	0.7175	11531
陀羅尼	21	taisho/t0982.html	taisho/t0982_01.html	0.7175	7010
陀羅尼	21	taisho/t0440.html	taisho/t0440_12.html	0.7175	4647
陀羅尼	21	taisho/t0286.html	taisho/t0286_04.html	0.7175	8859
陀羅尼	20	taisho/t0294.html	taisho/t0294_02.html	0.7175	5742
陀羅尼	20	taisho/t0443.html	taisho/t0443_03.html	0.7175	4681
陀羅尼	20	taisho/t2157.html	taisho/t2157_21.html	0.7175	9387
陀羅尼	20	taisho/t0901.html	taisho/t0901_03.html	0.7175	7011
陀羅尼	20	taisho/t0441.html	taisho/t0441_28.html	0.7175	2831
陀羅尼	20	taisho/t1509.html	taisho/t1509_28.html	0.7175	6004
陀羅尼	20	taisho/t0278.html	taisho/t0278_26.html	0.7175	5479
陀羅尼	20	taisho/t1082.html	taisho/t1082_01.html	0.7175	2672
陀羅尼	19	taisho/t2152.html	taisho/t2152_01.html	0.7175	5002
陀羅尼	19	taisho/t1353.html	taisho/t1353_01.html	0.7175	2072
陀羅尼	19	taisho/t0847.html	taisho/t0847_03.html	0.7175	8585
陀羅尼	19	taisho/t0664.html	taisho/t0664_06.html	0.7175	4947
陀羅尼	19	taisho/t0639.html	taisho/t0639_05.html	0.7175	8502
陀羅尼	19	taisho/t0310.html	taisho/t0310_069.html	0.7175	4171
陀羅尼	19	taisho/t1803.html	taisho/t1803_01.html	0.7175	16943
陀羅尼	19	taisho/t0397.html	taisho/t0397_39.html	0.7175	4910
陀羅尼	19	taisho/t0405.html	taisho/t0405_01.html	0.7175	7927
陀羅尼	19	taisho/t0397.html	taisho/t0397_19.html	0.7175	8372
陀羅尼	19	taisho/t1075.html	taisho/t1075_01.html	0.7175	4993
陀羅尼	19	taisho/t2153.html	taisho/t2153_13.html	0.7175	5351
陀羅尼	19	taisho/t1788.html	taisho/t1788_01.html	0.7175	18654
陀羅尼	19	taisho/t1136.html	taisho/t1136_01.html	0.7175	1060
陀羅尼	18	taisho/t1098.html	taisho/t1098_02.html	0.7175	6231
陀羅尼	18	taisho/t1579.html	taisho/t1579_45.html	0.7175	4889
陀羅尼	18	taisho/t1230.html	taisho/t1230_01.html	0.7175	4720
陀羅尼	18	taisho/t1092.html	taisho/t1092_22.html	0.7175	6510
陀羅尼	18	taisho/t2131.html	taisho/t2131_05.html	0.7175	21611
陀羅尼	18	taisho/t1028B.html	taisho/t1028B_01.html	0.7175	1268
陀羅尼	18	taisho/t0397.html	taisho/t0397_15.html	0.7175	7378
陀羅尼	18	taisho/t1023.html	taisho/t1023_01.html	0.7175	2818
陀羅尼	17	taisho/t0293.html	taisho/t0293_22.html	0.7175	4526
陀羅尼	17	taisho/t0279.html	taisho/t0279_71.html	0.7175	6381
陀羅尼	17	taisho/t1005A.html	taisho/t1005A_02.html	0.7175	4168
陀羅尼	17	taisho/t1956.html	taisho/t1956_01.html	0.7175	6646
陀羅尼	17	taisho/t0397.html	taisho/t0397_33.html	0.7175	6865
陀羅尼	17	taisho/t1778.html	taisho/t1778_01.html	0.7175	20010
陀羅尼	17	taisho/t1137.html	taisho/t1137_01.html	0.7175	1629
陀羅尼	17	taisho/t1092.html	taisho/t1092_18.html	0.7175	5981
陀羅尼	17	taisho/t1718.html	taisho/t1718_10.html	0.7175	15244
陀羅尼	17	taisho/t0310.html	taisho/t0310_004.html	0.7175	5518
陀羅尼	16	taisho/t1955.html	taisho/t1955_01.html	0.7175	13475
陀羅尼	16	taisho/t1887B.html	taisho/t1887B_02.html	0.7175	27306
陀羅尼	16	taisho/t0157.html	taisho/t0157_01.html	0.7175	6644
陀羅尼	16	taisho/t1092.html	taisho/t1092_07.html	0.7175	5846
陀羅尼	16	taisho/t1037.html	taisho/t1037_01.html	0.7175	1278
陀羅尼	16	taisho/t1398.html	taisho/t1398_01.html	0.7175	1115
陀羅尼	16	taisho/t1582.html	taisho/t1582_07.html	0.7175	4932
陀羅尼	16	taisho/t0310.html	taisho/t0310_006.html	0.7175	5491
陀羅尼	16	taisho/t1164.html	taisho/t1164_01.html	0.7175	2991
陀羅尼	15	taisho/t1092.html	taisho/t1092_12.html	0.7175	6178
陀羅尼	15	taisho/t0660.html	taisho/t0660_04.html	0.7175	4350
陀羅尼	15	taisho/t1709.html	taisho/t1709_03.html	0.7175	36944
陀羅尼	15	taisho/t1145.html	taisho/t1145_01.html	0.7175	1397
陀羅尼	15	taisho/t0946.html	taisho/t0946_01.html	0.7175	5236
陀羅尼	15	taisho/t1110.html	taisho/t1110_01.html	0.7175	4455
陀羅尼	15	taisho/t1246.html	taisho/t1246_01.html	0.7175	4708
陀羅尼	15	taisho/t2154.html	taisho/t2154_09.html	0.7175	9954
陀羅尼	15	taisho/t0264.html	taisho/t0264_06.html	0.7175	8255
陀羅尼	15	taisho/t1092.html	taisho/t1092_17.html	0.7175	6705
陀羅尼	15	taisho/t1951.html	taisho/t1951_01.html	0.7175	5017
陀羅尼	15	taisho/t0397.html	taisho/t0397_43.html	0.7175	6333
陀羅尼	15	taisho/t1522.html	taisho/t1522_12.html	0.7175	9098
陀羅尼	15	taisho/t1163.html	taisho/t1163_01.html	0.7175	1431
陀羅尼	15	taisho/t1861.html	taisho/t1861_06.html	0.7175	16236
陀羅尼	15	taisho/t1581.html	taisho/t1581_08.html	0.7175	6203
陀羅尼	15	taisho/t0402.html	taisho/t0402_02.html	0.7175	5265
陀羅尼	15	taisho/t1260.html	taisho/t1260_01.html	0.7175	3620
陀羅尼	14	taisho/t0279.html	taisho/t0279_38.html	0.7175	5460
陀羅尼	14	taisho/t1101.html	taisho/t1101_01.html	0.7175	3751
陀羅尼	14	taisho/t0261.html	taisho/t0261_02.html	0.7175	5746
陀羅尼	14	taisho/t1721.html	taisho/t1721_12.html	0.7175	13717
陀羅尼	14	taisho/t1112.html	taisho/t1112_01.html	0.7175	7292
陀羅尼	14	taisho/t0278.html	taisho/t0278_53.html	0.7175	5574
陀羅尼	14	taisho/t0901.html	taisho/t0901_04.html	0.7175	13970
陀羅尼	14	taisho/t1025.html	taisho/t1025_02.html	0.7175	2126
陀羅尼	14	taisho/t2034.html	taisho/t2034_13.html	0.7175	4463
陀羅尼	14	taisho/t1092.html	taisho/t1092_02.html	0.7175	5345
陀羅尼	14	taisho/t0920.html	taisho/t0920_01.html	0.7175	6802
陀羅尼	14	taisho/t1212.html	taisho/t1212_01.html	0.7175	26935
陀羅尼	14	taisho/t0278.html	taisho/t0278_46.html	0.7175	5023
陀羅尼	14	taisho/t2154.html	taisho/t2154_17.html	0.7175	6319
陀羅尼	14	taisho/t1509.html	taisho/t1509_42.html	0.7175	5551
陀羅尼	14	taisho/t0988.html	taisho/t0988_01.html	0.7175	2751
陀羅尼	14	taisho/t1096.html	taisho/t1096_01.html	0.7175	12837
陀羅尼	14	taisho/t0397.html	taisho/t0397_01.html	0.7175	7037
陀羅尼	14	taisho/t2157.html	taisho/t2157_15.html	0.7175	6148
陀羅尼	13	taisho/t1774.html	taisho/t1774_01.html	0.7175	25637
陀羅尼	13	taisho/t1800.html	taisho/t1800_01.html	0.7175	10527
陀羅尼	13	taisho/t1092.html	taisho/t1092_08.html	0.7175	4576
陀羅尼	13	taisho/t1723.html	taisho/t1723_01.html	0.7175	22018
陀羅尼	13	taisho/t0287.html	taisho/t0287_07.html	0.7175	3504
陀羅尼	13	taisho/t0223.html	taisho/t0223_03.html	0.7175	5227
陀羅尼	13	taisho/t1509.html	taisho/t1509_79.html	0.7175	6529
陀羅尼	13	taisho/t0293.html	taisho/t0293_05.html	0.7175	4389
陀羅尼	13	taisho/t1092.html	taisho/t1092_19.html	0.7175	7026
陀羅尼	13	taisho/t1723.html	taisho/t1723_10.html	0.7175	19402
陀羅尼	12	taisho/t1092.html	taisho/t1092_25.html	0.7175	5668
陀羅尼	12	taisho/t1138b.html	taisho/t1138b_01.html	0.7175	1431
陀羅尼	12	taisho/t0994.html	taisho/t0994_01.html	0.7175	5999
陀羅尼	12	taisho/t1718.html	taisho/t1718_02.html	0.7175	15245
陀羅尼	12	taisho/t0397.html	taisho/t0397_53.html	0.7175	5093
陀羅尼	12	taisho/t0278.html	taisho/t0278_37.html	0.7175	4299
陀羅尼	12	taisho/t1005A.html	taisho/t1005A_03.html	0.7175	4066
陀羅尼	12	taisho/t0310.html	taisho/t0310_101.html	0.7175	5804
陀羅尼	12	taisho/t0411.html	taisho/t0411_10.html	0.7175	4889
陀羅尼	12	taisho/t0279.html	taisho/t0279_53.html	0.7175	4419
陀羅尼	12	taisho/t0264.html	taisho/t0264_07.html	0.7175	5432
陀羅尼	12	taisho/t0649.html	taisho/t0649_02.html	0.7175	4344
陀羅尼	12	taisho/t1138a.html	taisho/t1138a_01.html	0.7175	1155
陀羅尼	12	taisho/t1339.html	taisho/t1339_02.html	0.7175	5305
陀羅尼	12	taisho/t1340.html	taisho/t1340_13.html	0.7175	5009
陀羅尼	12	taisho/t0302.html	taisho/t0302_01.html	0.7175	4808
陀羅尼	12	taisho/t1668.html	taisho/t1668_09.html	0.7175	7981
陀羅尼	12	taisho/t1341.html	taisho/t1341_05.html	0.7175	5660
陀羅尼	12	taisho/t1949.html	taisho/t1949_01.html	0.7175	5776
陀羅尼	12	taisho/t1721.html	taisho/t1721_01.html	0.7175	17691
陀羅尼	12	taisho/t1092.html	taisho/t1092_03.html	0.7175	4822
陀羅尼	11	taisho/t1801.html	taisho/t1801_02.html	0.7175	6334
陀羅尼	11	taisho/t1887B.html	taisho/t1887B_01.html	0.7175	30343
陀羅尼	11	taisho/t2149.html	taisho/t2149_06.html	0.7175	6467
陀羅尼	11	taisho/t1076.html	taisho/t1076_01.html	0.7175	5803
陀羅尼	11	taisho/t0946.html	taisho/t0946_04.html	0.7175	6200
陀羅尼	11	taisho/t2155.html	taisho/t2155_02.html	0.7175	4132
陀羅尼	11	taisho/t1050.html	taisho/t1050_03.html	0.7175	4036
陀羅尼	11	taisho/t1092.html	taisho/t1092_15.html	0.7175	6958
陀羅尼	11	taisho/t0294.html	taisho/t0294_03.html	0.7175	7034
陀羅尼	11	taisho/t2149.html	taisho/t2149_09.html	0.7175	8185
陀羅尼	11	taisho/t2016.html	taisho/t2016_28.html	0.7175	10725
陀羅尼	11	taisho/t1043.html	taisho/t1043_01.html	0.7175	3610
陀羅尼	11	taisho/t1887A.html	taisho/t1887A_01.html	0.7175	5425
陀羅尼	11	taisho/t0409.html	taisho/t0409_01.html	0.7175	3051
陀羅尼	11	taisho/t2154.html	taisho/t2154_11.html	0.7175	11542
陀羅尼	11	taisho/t1113B.html	taisho/t1113B_01.html	0.7175	1059
陀羅尼	11	taisho/t0402.html	taisho/t0402_07.html	0.7175	3249
陀羅尼	11	taisho/t1092.html	taisho/t1092_11.html	0.7175	6120
陀羅尼	11	taisho/t2156.html	taisho/t2156_03.html	0.7175	3260
陀羅尼	11	taisho/t0402.html	taisho/t0402_05.html	0.7175	3959
陀羅尼	11	taisho/t1022A.html	taisho/t1022A_01.html	0.7175	2046
陀羅尼	11	taisho/t1733.html	taisho/t1733_14.html	0.7175	22821
陀羅尼	11	taisho/t1509.html	taisho/t1509_48.html	0.7175	7146
陀羅尼	11	taisho/t0901.html	taisho/t0901_12.html	0.7175	12564
陀羅尼	11	taisho/t1403.html	taisho/t1403_01.html	0.7175	1220
陀羅尼	11	taisho/t2128.html	taisho/t2128_40.html	0.7175	8223
陀羅尼	11	taisho/t0402.html	taisho/t0402_09.html	0.7175	4046
陀羅尼	11	taisho/t0831.html	taisho/t0831_01.html	0.7175	1958
陀羅尼	11	taisho/t1116.html	taisho/t1116_01.html	0.7175	3160
陀羅尼	11	taisho/t0974E.html	taisho/t0974E_01.html	0.7175	7051
陀羅尼	10	taisho/t2157.html	taisho/t2157_14.html	0.7175	7196
陀羅尼	10	taisho/t1400.html	taisho/t1400_01.html	0.7175	1556
陀羅尼	10	taisho/t1408.html	taisho/t1408_01.html	0.7175	1937
陀羅尼	10	taisho/t0341.html	taisho/t0341_03.html	0.7175	5842
陀羅尼	10	taisho/t2151.html	taisho/t2151_04.html	0.7175	4392
陀羅尼	10	taisho/t0278.html	taisho/t0278_11.html	0.7175	5188
陀羅尼	10	taisho/t0974C.html	taisho/t0974C_01.html	0.7175	2945
陀羅尼	10	taisho/t2034.html	taisho/t2034_09.html	0.7175	5931
陀羅尼	10	taisho/t1334.html	taisho/t1334_01.html	0.7175	3083
陀羅尼	10	taisho/t0997.html	taisho/t0997_10.html	0.7175	5121
陀羅尼	10	taisho/t1509.html	taisho/t1509_47.html	0.7175	6270
陀羅尼	10	taisho/t0276.html	taisho/t0276_01.html	0.7175	5705
陀羅尼	10	taisho/t1376.html	taisho/t1376_01.html	0.7175	1424
陀羅尼	10	taisho/t1314.html	taisho/t1314_01.html	0.7175	819
陀羅尼	10	taisho/t0997.html	taisho/t0997_01.html	0.7175	4615
陀羅尼	10	taisho/t1171.html	taisho/t1171_01.html	0.7175	3555
陀羅尼	10	taisho/t2157.html	taisho/t2157_01.html	0.7175	5641
陀羅尼	10	taisho/t0279.html	taisho/t0279_62.html	0.7175	4705
陀羅尼	10	taisho/t0901.html	taisho/t0901_02.html	0.7175	10023
陀羅尼	10	taisho/t0404.html	taisho/t0404_03.html	0.7175	4320
陀羅尼	10	taisho/t2035.html	taisho/t2035_06.html	0.7175	11058
陀羅尼	10	taisho/t1414.html	taisho/t1414_01.html	0.7175	840
陀羅尼	10	taisho/t2146.html	taisho/t2146_01.html	0.7175	5578
陀羅尼	10	taisho/t1077.html	taisho/t1077_01.html	0.7175	937
陀羅尼	10	taisho/t0411.html	taisho/t0411_08.html	0.7175	4330
陀羅尼	10	taisho/t0947.html	taisho/t0947_01.html	0.7175	8429
陀羅尼	9	taisho/t0397.html	taisho/t0397_45.html	0.7175	4127
陀羅尼	9	taisho/t2149.html	taisho/t2149_05.html	0.7175	12117
陀羅尼	9	taisho/t1154.html	taisho/t1154_01.html	0.7175	8860
陀羅尼	9	taisho/t0930.html	taisho/t0930_01.html	0.7175	3957
陀羅尼	9	taisho/t1177A.html	taisho/t1177A_03.html	0.7175	4150
陀羅尼	9	taisho/t1952.html	taisho/t1952_01.html	0.7175	2218
陀羅尼	9	taisho/t0443.html	taisho/t0443_04.html	0.7175	5434
陀羅尼	9	taisho/t1358.html	taisho/t1358_01.html	0.7175	752
陀羅尼	9	taisho/t1950.html	taisho/t1950_01.html	0.7175	5820
陀羅尼	9	taisho/t1911.html	taisho/t1911_02.html	0.7175	10875
陀羅尼	9	taisho/t0997.html	taisho/t0997_02.html	0.7175	4484
陀羅尼	9	taisho/t1719.html	taisho/t1719_10.html	0.7175	25496
陀羅尼	9	taisho/t1047.html	taisho/t1047_01.html	0.7175	476
陀羅尼	9	taisho/t2153.html	taisho/t2153_01.html	0.7175	4883
陀羅尼	9	taisho/t1191.html	taisho/t1191_13.html	0.7175	3245
陀羅尼	9	taisho/t1509.html	taisho/t1509_69.html	0.7175	5966
陀羅尼	9	taisho/t0407.html	taisho/t0407_01.html	0.7175	4818
陀羅尼	9	taisho/t1057b.html	taisho/t1057b_02.html	0.7175	2030
陀羅尼	9	taisho/t0406.html	taisho/t0406_01.html	0.7175	5406
陀羅尼	9	taisho/t0397.html	taisho/t0397_26.html	0.7175	4755
陀羅尼	9	taisho/t1038.html	taisho/t1038_01.html	0.7175	1696
陀羅尼	9	taisho/t1064.html	taisho/t1064_01.html	0.7175	3311
陀羅尼	8	taisho/t1530.html	taisho/t1530_05.html	0.7175	4730
陀羅尼	8	taisho/t1117.html	taisho/t1117_01.html	0.7175	781
陀羅尼	8	taisho/t0397.html	taisho/t0397_23.html	0.7175	6351
陀羅尼	8	taisho/t2084.html	taisho/t2084_02.html	0.7175	11411
陀羅尼	8	taisho/t1397.html	taisho/t1397_01.html	0.7175	1139
陀羅尼	8	taisho/t0864A.html	taisho/t0864A_01.html	0.7175	5177
陀羅尼	8	taisho/t0375.html	taisho/t0375_36.html	0.7175	6649
陀羅尼	8	taisho/t0304.html	taisho/t0304_01.html	0.7175	3905
陀羅尼	8	taisho/t0923.html	taisho/t0923_01.html	0.7175	5743
陀羅尼	8	taisho/t1828.html	taisho/t1828_12.html	0.7175	25720
陀羅尼	8	taisho/t1374.html	taisho/t1374_01.html	0.7175	4232
陀羅尼	8	taisho/t1509.html	taisho/t1509_85.html	0.7175	6047
陀羅尼	8	taisho/t2061.html	taisho/t2061_03.html	0.7175	6191
陀羅尼	8	taisho/t1716.html	taisho/t1716_05.html	0.7175	15427
陀羅尼	8	taisho/t0963.html	taisho/t0963_01.html	0.7175	755
陀羅尼	8	taisho/t1402.html	taisho/t1402_01.html	0.7175	1447
陀羅尼	8	taisho/t1359.html	taisho/t1359_01.html	0.7175	950
陀羅尼	8	taisho/t1151.html	taisho/t1151_01.html	0.7175	2745
陀羅尼	8	taisho/t0620.html	taisho/t0620_02.html	0.7175	4770
陀羅尼	8	taisho/t1103b.html	taisho/t1103b_01.html	0.7175	6917
陀羅尼	8	taisho/t1341.html	taisho/t1341_06.html	0.7175	6522
陀羅尼	8	taisho/t1022B.html	taisho/t1022B_01.html	0.7175	2747
陀羅尼	8	taisho/t1739.html	taisho/t1739_28.html	0.7175	6749
陀羅尼	8	taisho/t1268.html	taisho/t1268_01.html	0.7175	4493
陀羅尼	8	taisho/t1025.html	taisho/t1025_01.html	0.7175	2612
陀羅尼	8	taisho/t0489.html	taisho/t0489_07.html	0.7175	2658
陀羅尼	8	taisho/t2157.html	taisho/t2157_12.html	0.7175	6818
陀羅尼	8	taisho/t0374.html	taisho/t0374_40.html	0.7175	6548
陀羅尼	8	taisho/t2157.html	taisho/t2157_10.html	0.7175	9355
陀羅尼	8	taisho/t1092.html	taisho/t1092_30.html	0.7175	5297
陀羅尼	8	taisho/t2148.html	taisho/t2148_01.html	0.7175	6290
陀羅尼	7	taisho/t2156.html	taisho/t2156_01.html	0.7175	9543
陀羅尼	7	taisho/t2122.html	taisho/t2122_86.html	0.7175	8703
陀羅尼	7	taisho/t0408.html	taisho/t0408_02.html	0.7175	4487
陀羅尼	7	taisho/t2128.html	taisho/t2128_43.html	0.7175	9478
陀羅尼	7	taisho/t0411.html	taisho/t0411_05.html	0.7175	5323
陀羅尼	7	taisho/t1357.html	taisho/t1357_01.html	0.7175	658
陀羅尼	7	taisho/t1340.html	taisho/t1340_05.html	0.7175	4542
陀羅尼	7	taisho/t1324.html	taisho/t1324_01.html	0.7175	462
陀羅尼	7	taisho/t1006.html	taisho/t1006_02.html	0.7175	3829
陀羅尼	7	taisho/t0397.html	taisho/t0397_54.html	0.7175	4646
陀羅尼	7	taisho/t0995.html	taisho/t0995_01.html	0.7175	2220
陀羅尼	7	taisho/t1277.html	taisho/t1277_01.html	0.7175	1553
陀羅尼	7	taisho/t1100.html	taisho/t1100_01.html	0.7175	2725
陀羅尼	7	taisho/t0159.html	taisho/t0159_08.html	0.7175	4447
陀羅尼	7	taisho/t2157.html	taisho/t2157_13.html	0.7175	6481
陀羅尼	7	taisho/t1337.html	taisho/t1337_01.html	0.7175	2702
陀羅尼	7	taisho/t0279.html	taisho/t0279_20.html	0.7175	4775
陀羅尼	7	taisho/t1340.html	taisho/t1340_03.html	0.7175	4618
陀羅尼	7	taisho/t1336.html	taisho/t1336_08.html	0.7175	5662
陀羅尼	7	taisho/t2147.html	taisho/t2147_02.html	0.7175	3769
陀羅尼	7	taisho/t1057a.html	taisho/t1057a_02.html	0.7175	2010
陀羅尼	7	taisho/t0999.html	taisho/t0999_02.html	0.7175	6369
陀羅尼	7	taisho/t1318.html	taisho/t1318_01.html	0.7175	3666
陀羅尼	7	taisho/t0402.html	taisho/t0402_08.html	0.7175	2939
陀羅尼	7	taisho/t1159B.html	taisho/t1159B_01.html	0.7175	4709
陀羅尼	7	taisho/t1000.html	taisho/t1000_01.html	0.7175	7021
陀羅尼	7	taisho/t1340.html	taisho/t1340_10.html	0.7175	4824
陀羅尼	7	taisho/t2153.html	taisho/t2153_03.html	0.7175	4117
陀羅尼	7	taisho/t1889.html	taisho/t1889_01.html	0.7175	1694
陀羅尼	7	taisho/t0992.html	taisho/t0992_01.html	0.7175	5587
陀羅尼	7	taisho/t1772.html	taisho/t1772_01.html	0.7175	15274
陀羅尼	7	taisho/t2153.html	taisho/t2153_11.html	0.7175	3286
陀羅尼	7	taisho/t1387.html	taisho/t1387_01.html	0.7175	521
陀羅尼	7	taisho/t1165.html	taisho/t1165_01.html	0.7175	2371
陀羅尼	7	taisho/t1162.html	taisho/t1162_01.html	0.7175	1071
陀羅尼	7	taisho/t2129.html	taisho/t2129_06.html	0.7175	8297
陀羅尼	7	taisho/t1081.html	taisho/t1081_01.html	0.7175	1012
陀羅尼	6	taisho/t2154.html	taisho/t2154_14.html	0.7175	9747
陀羅尼	6	taisho/t2154.html	taisho/t2154_06.html	0.7175	10721
陀羅尼	6	taisho/t1911.html	taisho/t1911_07.html	0.7175	16870
陀羅尼	6	taisho/t1969A.html	taisho/t1969A_01.html	0.7175	16289
陀羅尼	6	taisho/t0305.html	taisho/t0305_04.html	0.7175	5854
陀羅尼	6	taisho/t1941.html	taisho/t1941_01.html	0.7175	6463
陀羅尼	6	taisho/t1350.html	taisho/t1350_01.html	0.7175	692
陀羅尼	6	taisho/t0657.html	taisho/t0657_04.html	0.7175	8064
陀羅尼	6	taisho/t2149.html	taisho/t2149_04.html	0.7175	12284
陀羅尼	6	taisho/t2148.html	taisho/t2148_02.html	0.7175	5176
陀羅尼	6	taisho/t0943.html	taisho/t0943_01.html	0.7175	1407
陀羅尼	6	taisho/t1776.html	taisho/t1776_04.html	0.7175	26263
陀羅尼	6	taisho/t1285.html	taisho/t1285_01.html	0.7175	635
陀羅尼	6	taisho/t0220.html	taisho/t0220_327.html	0.7175	5034
陀羅尼	6	taisho/t1127.html	taisho/t1127_01.html	0.7175	729
陀羅尼	6	taisho/t1788.html	taisho/t1788_03.html	0.7175	34591
陀羅尼	6	taisho/t0278.html	taisho/t0278_49.html	0.7175	4957
陀羅尼	6	taisho/t1256.html	taisho/t1256_01.html	0.7175	514
陀羅尼	6	taisho/t1595.html	taisho/t1595_10.html	0.7175	8318
陀羅尼	6	taisho/t0310.html	taisho/t0310_016.html	0.7175	5672
陀羅尼	6	taisho/t1869.html	taisho/t1869_02.html	0.7175	8900
陀羅尼	6	taisho/t1912.html	taisho/t1912_03.html	0.7175	39747
陀羅尼	6	taisho/t1410.html	taisho/t1410_01.html	0.7175	616
陀羅尼	6	taisho/t0649.html	taisho/t0649_01.html	0.7175	4096
陀羅尼	6	taisho/t0993.html	taisho/t0993_01.html	0.7175	7280
陀羅尼	6	taisho/t2158.html	taisho/t2158_01.html	0.7175	4552
陀羅尼	6	taisho/t0665.html	taisho/t0665_05.html	0.7175	4271
陀羅尼	6	taisho/t1161.html	taisho/t1161_01.html	0.7175	5846
陀羅尼	6	taisho/t1135.html	taisho/t1135_01.html	0.7175	650
陀羅尼	6	taisho/t0410.html	taisho/t0410_04.html	0.7175	4875
陀羅尼	6	taisho/t1236.html	taisho/t1236_01.html	0.7175	1223
陀羅尼	6	taisho/t0452.html	taisho/t0452_01.html	0.7175	2279
陀羅尼	6	taisho/t0258.html	taisho/t0258_01.html	0.7175	980
陀羅尼	6	taisho/t1313.html	taisho/t1313_01.html	0.7175	1074
陀羅尼	6	taisho/t2154.html	taisho/t2154_07.html	0.7175	9444
陀羅尼	6	taisho/t1668.html	taisho/t1668_02.html	0.7175	10856
陀羅尼	6	taisho/t2148.html	taisho/t2148_03.html	0.7175	6504
陀羅尼	6	taisho/t0223.html	taisho/t0223_05.html	0.7175	7937
陀羅尼	6	taisho/t0989.html	taisho/t0989_01.html	0.7175	3377
陀羅尼	6	taisho/t2120.html	taisho/t2120_02.html	0.7175	4996
陀羅尼	6	taisho/t1289.html	taisho/t1289_01.html	0.7175	7341
陀羅尼	6	taisho/t0220.html	taisho/t0220_449.html	0.7175	4690
陀羅尼	6	taisho/t1782.html	taisho/t1782_01.html	0.7175	18848
陀羅尼	6	taisho/t1036.html	taisho/t1036_01.html	0.7175	1249
陀羅尼	6	taisho/t0972.html	taisho/t0972_01.html	0.7175	2875
陀羅尼	6	taisho/t2149.html	taisho/t2149_08.html	0.7175	3488
陀羅尼	6	taisho/t0397.html	taisho/t0397_20.html	0.7175	5942
陀羅尼	6	taisho/t2157.html	taisho/t2157_24.html	0.7175	9356
陀羅尼	6	taisho/t1183.html	taisho/t1183_01.html	0.7175	1914
陀羅尼	6	taisho/t1912.html	taisho/t1912_07.html	0.7175	34997
陀羅尼	6	taisho/t2157.html	taisho/t2157_09.html	0.7175	9334
陀羅尼	6	taisho/t1786.html	taisho/t1786_03.html	0.7175	18440
陀羅尼	5	taisho/t1818.html	taisho/t1818_01.html	0.7175	15259
陀羅尼	5	taisho/t1407.html	taisho/t1407_01.html	0.7175	471
陀羅尼	5	taisho/t2128.html	taisho/t2128_10.html	0.7175	10020
陀羅尼	5	taisho/t2157.html	taisho/t2157_20.html	0.7175	7085
陀羅尼	5	taisho/t1388.html	taisho/t1388_01.html	0.7175	806
陀羅尼	5	taisho/t1029.html	taisho/t1029_01.html	0.7175	399
陀羅尼	5	taisho/t0310.html	taisho/t0310_065.html	0.7175	3374
陀羅尼	5	taisho/t1346.html	taisho/t1346_01.html	0.7175	1131
陀羅尼	5	taisho/t0410.html	taisho/t0410_07.html	0.7175	3934
陀羅尼	5	taisho/t1733.html	taisho/t1733_18.html	0.7175	26644
陀羅尼	5	taisho/t1366.html	taisho/t1366_01.html	0.7175	484
陀羅尼	5	taisho/t0925.html	taisho/t0925_02.html	0.7175	4103
陀羅尼	5	taisho/t0964.html	taisho/t0964_01.html	0.7175	841
陀羅尼	5	taisho/t0814.html	taisho/t0814_01.html	0.7175	5057
陀羅尼	5	taisho/t2061.html	taisho/t2061_02.html	0.7175	5843
陀羅尼	5	taisho/t2146.html	taisho/t2146_02.html	0.7175	2820
陀羅尼	5	taisho/t1302.html	taisho/t1302_01.html	0.7175	1158
陀羅尼	5	taisho/t1319.html	taisho/t1319_01.html	0.7175	1308
陀羅尼	5	taisho/t2128.html	taisho/t2128_36.html	0.7175	6903
陀羅尼	5	taisho/t0961.html	taisho/t0961_01.html	0.7175	3925
陀羅尼	5	taisho/t0639.html	taisho/t0639_08.html	0.7175	5696
陀羅尼	5	taisho/t1715.html	taisho/t1715_08.html	0.7175	16153
陀羅尼	5	taisho/t1392.html	taisho/t1392_01.html	0.7175	1908
陀羅尼	5	taisho/t1509.html	taisho/t1509_74.html	0.7175	6764
陀羅尼	5	taisho/t0984.html	taisho/t0984_02.html	0.7175	7209
陀羅尼	5	taisho/t2154.html	taisho/t2154_02.html	0.7175	15944
陀羅尼	5	taisho/t1092.html	taisho/t1092_09.html	0.7175	6014
陀羅尼	5	taisho/t2128.html	taisho/t2128_35.html	0.7175	8401
陀羅尼	5	taisho/t1257.html	taisho/t1257_03.html	0.7175	3281
陀羅尼	5	taisho/t1870.html	taisho/t1870_04.html	0.7175	14129
陀羅尼	5	taisho/t1356.html	taisho/t1356_01.html	0.7175	670
陀羅尼	5	taisho/t1830.html	taisho/t1830_10.html	0.7175	33402
陀羅尼	5	taisho/t2154.html	taisho/t2154_08.html	0.7175	11927
陀羅尼	5	taisho/t1921.html	taisho/t1921_03.html	0.7175	8379
陀羅尼	5	taisho/t0973.html	taisho/t0973_01.html	0.7175	7224
陀羅尼	5	taisho/t2120.html	taisho/t2120_03.html	0.7175	5680
陀羅尼	5	taisho/t1579.html	taisho/t1579_78.html	0.7175	7158
陀羅尼	5	taisho/t1340.html	taisho/t1340_08.html	0.7175	4521
陀羅尼	5	taisho/t0402.html	taisho/t0402_10.html	0.7175	2941
陀羅尼	5	taisho/t0275.html	taisho/t0275_01.html	0.7175	4058
陀羅尼	5	taisho/t2147.html	taisho/t2147_03.html	0.7175	6422
陀羅尼	5	taisho/t1315.html	taisho/t1315_01.html	0.7175	1272
陀羅尼	5	taisho/t0674.html	taisho/t0674_01.html	0.7175	5986
陀羅尼	5	taisho/t0411.html	taisho/t0411_01.html	0.7175	6331
陀羅尼	5	taisho/t0312.html	taisho/t0312_19.html	0.7175	2343
陀羅尼	5	taisho/t1720.html	taisho/t1720_10.html	0.7175	8574
陀羅尼	5	taisho/t1934.html	taisho/t1934_01.html	0.7175	6792
陀羅尼	5	taisho/t1405.html	taisho/t1405_01.html	0.7175	304
陀羅尼	5	taisho/t2149.html	taisho/t2149_03.html	0.7175	11362
陀羅尼	5	taisho/t0959.html	taisho/t0959_01.html	0.7175	2109
陀羅尼	5	taisho/t2153.html	taisho/t2153_04.html	0.7175	4204
陀羅尼	5	taisho/t0223.html	taisho/t0223_08.html	0.7175	5336
陀羅尼	5	taisho/t1604.html	taisho/t1604_11.html	0.7175	5445
陀羅尼	5	taisho/t0277.html	taisho/t0277_01.html	0.7175	4548
陀羅尼	5	taisho/t0443.html	taisho/t0443_05.html	0.7175	3217
陀羅尼	5	taisho/t0220.html	taisho/t0220_526.html	0.7175	5214
陀羅尼	5	taisho/t1829.html	taisho/t1829_12.html	0.7175	16985
陀羅尼	5	taisho/t1390.html	taisho/t1390_01.html	0.7175	494
陀羅尼	5	taisho/t0834.html	taisho/t0834_01.html	0.7175	4782
陀羅尼	5	taisho/t1736.html	taisho/t1736_36.html	0.7175	8134
陀羅尼	5	taisho/t1668.html	taisho/t1668_06.html	0.7175	6522
陀羅尼	5	taisho/t1348.html	taisho/t1348_01.html	0.7175	1674
陀羅尼	5	taisho/t0220.html	taisho/t0220_509.html	0.7175	6100
陀羅尼	5	taisho/t1409.html	taisho/t1409_01.html	0.7175	1495
陀羅尼	5	taisho/t0671.html	taisho/t0671_08.html	0.7175	5222
陀羅尼	5	taisho/t0397.html	taisho/t0397_44.html	0.7175	4253
陀羅尼	5	taisho/t1736.html	taisho/t1736_70.html	0.7175	9169
陀羅尼	5	taisho/t0279.html	taisho/t0279_63.html	0.7175	5044
陀羅尼	5	taisho/t2034.html	taisho/t2034_12.html	0.7175	7650
陀羅尼	5	taisho/t1369a.html	taisho/t1369a_01.html	0.7175	344
陀羅尼	5	taisho/t1233.html	taisho/t1233_01.html	0.7175	2494
陀羅尼	5	taisho/t1056.html	taisho/t1056_02.html	0.7175	5883
陀羅尼	5	taisho/t2149.html	taisho/t2149_02.html	0.7175	14806
陀羅尼	5	taisho/t1092.html	taisho/t1092_23.html	0.7175	6197
陀羅尼	5	taisho/t0974F.html	taisho/t0974F_01.html	0.7175	2104
陀羅尼	5	taisho/t2016.html	taisho/t2016_96.html	0.7175	4646
陀羅尼	5	taisho/t1585.html	taisho/t1585_09.html	0.7175	6480
陀羅尼	5	taisho/t1373.html	taisho/t1373_01.html	0.7175	782
陀羅尼	4	taisho/t0643.html	taisho/t0643_02.html	0.7175	5697
陀羅尼	4	taisho/t2154.html	taisho/t2154_16.html	0.7175	10134
陀羅尼	4	taisho/t0278.html	taisho/t0278_47.html	0.7175	5990
陀羅尼	4	taisho/t1092.html	taisho/t1092_13.html	0.7175	4755
陀羅尼	4	taisho/t0220.html	taisho/t0220_304.html	0.7175	4144
陀羅尼	4	taisho/t0279.html	taisho/t0279_75.html	0.7175	6608
陀羅尼	4	taisho/t0991.html	taisho/t0991_02.html	0.7175	3446
陀羅尼	4	taisho/t0220.html	taisho/t0220_464.html	0.7175	4950
陀羅尼	4	taisho/t1104.html	taisho/t1104_01.html	0.7175	1488
陀羅尼	4	taisho/t1049.html	taisho/t1049_01.html	0.7175	462
陀羅尼	4	taisho/t0310.html	taisho/t0310_080.html	0.7175	6592
陀羅尼	4	taisho/t1509.html	taisho/t1509_56.html	0.7175	5845
陀羅尼	4	taisho/t2128.html	taisho/t2128_26.html	0.7175	11885
陀羅尼	4	taisho/t1716.html	taisho/t1716_08.html	0.7175	14116
陀羅尼	4	taisho/t0441.html	taisho/t0441_04.html	0.7175	4928
陀羅尼	4	taisho/t1184.html	taisho/t1184_01.html	0.7175	5135
陀羅尼	4	taisho/t1735.html	taisho/t1735_43.html	0.7175	7937
陀羅尼	4	taisho/t0370.html	taisho/t0370_01.html	0.7175	950
陀羅尼	4	taisho/t0220.html	taisho/t0220_365.html	0.7175	4308
陀羅尼	4	taisho/t0278.html	taisho/t0278_20.html	0.7175	4738
陀羅尼	4	taisho/t1796.html	taisho/t1796_18.html	0.7175	11113
陀羅尼	4	taisho/t1739.html	taisho/t1739_34.html	0.7175	6488
陀羅尼	4	taisho/t1239.html	taisho/t1239_01.html	0.7175	5441
陀羅尼	4	taisho/t0159.html	taisho/t0159_05.html	0.7175	4141
陀羅尼	4	taisho/t1065.html	taisho/t1065_01.html	0.7175	6702
陀羅尼	4	taisho/t0673.html	taisho/t0673_01.html	0.7175	5737
陀羅尼	4	taisho/t1791.html	taisho/t1791_09.html	0.7175	6036
陀羅尼	4	taisho/t0294.html	taisho/t0294_01.html	0.7175	8200
陀羅尼	4	taisho/t1384.html	taisho/t1384_01.html	0.7175	894
陀羅尼	4	taisho/t1361.html	taisho/t1361_01.html	0.7175	3716
陀羅尼	4	taisho/t1257.html	taisho/t1257_01.html	0.7175	4583
陀羅尼	4	taisho/t0312.html	taisho/t0312_20.html	0.7175	3097
陀羅尼	4	taisho/t0918.html	taisho/t0918_01.html	0.7175	691
陀羅尼	4	taisho/t0220.html	taisho/t0220_515.html	0.7175	5261
陀羅尼	4	taisho/t2151.html	taisho/t2151_02.html	0.7175	5269
陀羅尼	4	taisho/t1252b.html	taisho/t1252b_01.html	0.7175	329
陀羅尼	4	taisho/t1007.html	taisho/t1007_01.html	0.7175	11752
陀羅尼	4	taisho/t1243.html	taisho/t1243_01.html	0.7175	5081
陀羅尼	4	taisho/t0672.html	taisho/t0672_06.html	0.7175	6320
陀羅尼	4	taisho/t0310.html	taisho/t0310_015.html	0.7175	5122
陀羅尼	4	taisho/t1372.html	taisho/t1372_01.html	0.7175	235
陀羅尼	4	taisho/t0220.html	taisho/t0220_440.html	0.7175	4434
陀羅尼	4	taisho/t1191.html	taisho/t1191_12.html	0.7175	4062
陀羅尼	4	taisho/t1118.html	taisho/t1118_01.html	0.7175	407
陀羅尼	4	taisho/t1237.html	taisho/t1237_01.html	0.7175	1620
陀羅尼	4	taisho/t1292.html	taisho/t1292_01.html	0.7175	911
陀羅尼	4	taisho/t1954.html	taisho/t1954_01.html	0.7175	618
陀羅尼	4	taisho/t1280.html	taisho/t1280_01.html	0.7175	1921
陀羅尼	4	taisho/t0643.html	taisho/t0643_10.html	0.7175	3951
陀羅尼	4	taisho/t1788.html	taisho/t1788_06.html	0.7175	26626
陀羅尼	4	taisho/t0625.html	taisho/t0625_01.html	0.7175	4645
陀羅尼	4	taisho/t2145.html	taisho/t2145_04.html	0.7175	10362
陀羅尼	4	taisho/t0633.html	taisho/t0633_01.html	0.7175	5694
陀羅尼	4	taisho/t0411.html	taisho/t0411_09.html	0.7175	4309
陀羅尼	4	taisho/t0278.html	taisho/t0278_43.html	0.7175	5416
陀羅尼	4	taisho/t0278.html	taisho/t0278_45.html	0.7175	5260
陀羅尼	4	taisho/t0310.html	taisho/t0310_077.html	0.7175	7382
陀羅尼	4	taisho/t0310.html	taisho/t0310_027.html	0.7175	3705
陀羅尼	4	taisho/t0397.html	taisho/t0397_02.html	0.7175	5055
陀羅尼	4	taisho/t0310.html	taisho/t0310_078.html	0.7175	5931
陀羅尼	4	taisho/t1160.html	taisho/t1160_01.html	0.7175	250
陀羅尼	4	taisho/t0440.html	taisho/t0440_06.html	0.7175	5557
陀羅尼	4	taisho/t2153.html	taisho/t2153_12.html	0.7175	7976
陀羅尼	4	taisho/t0310.html	taisho/t0310_100.html	0.7175	7206
陀羅尼	4	taisho/t2103.html	taisho/t2103_28.html	0.7175	15150
陀羅尼	4	taisho/t1386.html	taisho/t1386_01.html	0.7175	274
陀羅尼	4	taisho/t0648.html	taisho/t0648_01.html	0.7175	4025
陀羅尼	4	taisho/t0410.html	taisho/t0410_01.html	0.7175	4291
陀羅尼	4	taisho/t1395.html	taisho/t1395_01.html	0.7175	446
陀羅尼	4	taisho/t0902.html	taisho/t0902_01.html	0.7175	587
陀羅尼	4	taisho/t1596.html	taisho/t1596_07.html	0.7175	5402
陀羅尼	4	taisho/t1801.html	taisho/t1801_01.html	0.7175	7529
陀羅尼	4	taisho/t0339.html	taisho/t0339_01.html	0.7175	7571
陀羅尼	4	taisho/t0652.html	taisho/t0652_02.html	0.7175	2716
陀羅尼	4	taisho/t0899.html	taisho/t0899_01.html	0.7175	5064
陀羅尼	4	taisho/t1723.html	taisho/t1723_02.html	0.7175	23336
陀羅尼	4	taisho/t1861.html	taisho/t1861_03.html	0.7175	24116
陀羅尼	4	taisho/t0934.html	taisho/t0934_01.html	0.7175	299
陀羅尼	4	taisho/t0387.html	taisho/t0387_02.html	0.7175	4925
陀羅尼	4	taisho/t1133.html	taisho/t1133_01.html	0.7175	786
陀羅尼	4	taisho/t0932.html	taisho/t0932_01.html	0.7175	4024
陀羅尼	4	taisho/t0397.html	taisho/t0397_08.html	0.7175	5437
陀羅尼	4	taisho/t1045a.html	taisho/t1045a_01.html	0.7175	2002
陀羅尼	4	taisho/t0187.html	taisho/t0187_01.html	0.7175	5686
陀羅尼	4	taisho/t0946.html	taisho/t0946_02.html	0.7175	5295
陀羅尼	4	taisho/t1143.html	taisho/t1143_01.html	0.7175	275
陀羅尼	4	taisho/t0676.html	taisho/t0676_05.html	0.7175	3001
陀羅尼	4	taisho/t0400.html	taisho/t0400_18.html	0.7175	3045
陀羅尼	4	taisho/t1379.html	taisho/t1379_01.html	0.7175	277
陀羅尼	4	taisho/t0159.html	taisho/t0159_07.html	0.7175	3448
陀羅尼	4	taisho/t0402.html	taisho/t0402_03.html	0.7175	4292
陀羅尼	4	taisho/t0223.html	taisho/t0223_14.html	0.7175	6200
陀羅尼	4	taisho/t1668.html	taisho/t1668_07.html	0.7175	5999
陀羅尼	4	taisho/t1028A.html	taisho/t1028A_01.html	0.7175	995
陀羅尼	4	taisho/t1303.html	taisho/t1303_01.html	0.7175	1455
陀羅尼	4	taisho/t0675.html	taisho/t0675_04.html	0.7175	4240
陀羅尼	4	taisho/t1376.html	taisho/t1376_02.html	0.7175	1882
陀羅尼	4	taisho/t2154.html	taisho/t2154_04.html	0.7175	13195
陀羅尼	4	taisho/t0962.html	taisho/t0962_01.html	0.7175	2219
陀羅尼	4	taisho/t0158.html	taisho/t0158_03.html	0.7175	6477
陀羅尼	4	taisho/t2157.html	taisho/t2157_26.html	0.7175	9999
陀羅尼	4	taisho/t2131.html	taisho/t2131_01.html	0.7175	20955
陀羅尼	4	taisho/t0919.html	taisho/t0919_01.html	0.7175	566
陀羅尼	4	taisho/t0676.html	taisho/t0676_04.html	0.7175	4579
陀羅尼	4	taisho/t0223.html	taisho/t0223_17.html	0.7175	5990
陀羅尼	4	taisho/t1828.html	taisho/t1828_11.html	0.7175	20914
陀羅尼	4	taisho/t1251.html	taisho/t1251_01.html	0.7175	9586
陀羅尼	4	taisho/t0451.html	taisho/t0451_02.html	0.7175	4252
陀羅尼	4	taisho/t1097.html	taisho/t1097_01.html	0.7175	2335
陀羅尼	3	taisho/t1341.html	taisho/t1341_10.html	0.7175	3757
陀羅尼	3	taisho/t0220.html	taisho/t0220_458.html	0.7175	4434
陀羅尼	3	taisho/t1238.html	taisho/t1238_01.html	0.7175	6605
陀羅尼	3	taisho/t2120.html	taisho/t2120_01.html	0.7175	5209
陀羅尼	3	taisho/t0220.html	taisho/t0220_396.html	0.7175	5238
陀羅尼	3	taisho/t0421.html	taisho/t0421_02.html	0.7175	6211
陀羅尼	3	taisho/t0246.html	taisho/t0246_02.html	0.7175	4379
陀羅尼	3	taisho/t0158.html	taisho/t0158_07.html	0.7175	6991
陀羅尼	3	taisho/t2039.html	taisho/t2039_02.html	0.7175	16340
陀羅尼	3	taisho/t1364.html	taisho/t1364_01.html	0.7175	425
陀羅尼	3	taisho/t1103a.html	taisho/t1103a_01.html	0.7175	5899
陀羅尼	3	taisho/t1092.html	taisho/t1092_04.html	0.7175	4715
陀羅尼	3	taisho/t0264.html	taisho/t0264_01.html	0.7175	6345
陀羅尼	3	taisho/t0220.html	taisho/t0220_347.html	0.7175	4538
陀羅尼	3	taisho/t0278.html	taisho/t0278_50.html	0.7175	4125
陀羅尼	3	taisho/t0761.html	taisho/t0761_04.html	0.7175	7280
陀羅尼	3	taisho/t2145.html	taisho/t2145_02.html	0.7175	8021
陀羅尼	3	taisho/t1251.html	taisho/t1251_03.html	0.7175	4055
陀羅尼	3	taisho/t0279.html	taisho/t0279_21.html	0.7175	3553
陀羅尼	3	taisho/t2016.html	taisho/t2016_82.html	0.7175	6242
陀羅尼	3	taisho/t1795.html	taisho/t1795_01.html	0.7175	27590
陀羅尼	3	taisho/t0397.html	taisho/t0397_12.html	0.7175	8618
陀羅尼	3	taisho/t1509.html	taisho/t1509_10.html	0.7175	8309
陀羅尼	3	taisho/t0587.html	taisho/t0587_06.html	0.7175	5273
陀羅尼	3	taisho/t1912.html	taisho/t1912_10.html	0.7175	15250
陀羅尼	3	taisho/t2073.html	taisho/t2073_01.html	0.7175	5172
陀羅尼	3	taisho/t1193.html	taisho/t1193_01.html	0.7175	3777
陀羅尼	3	taisho/t1581.html	taisho/t1581_09.html	0.7175	13332
陀羅尼	3	taisho/t0901.html	taisho/t0901_08.html	0.7175	9973
陀羅尼	3	taisho/t1735.html	taisho/t1735_44.html	0.7175	7353
陀羅尼	3	taisho/t1717.html	taisho/t1717_20.html	0.7175	9095
陀羅尼	3	taisho/t1340.html	taisho/t1340_02.html	0.7175	4577
陀羅尼	3	taisho/t1708.html	taisho/t1708_03.html	0.7175	20814
陀羅尼	3	taisho/t1085.html	taisho/t1085_01.html	0.7175	2592
陀羅尼	3	taisho/t2130.html	taisho/t2130_04.html	0.7175	4107
陀羅尼	3	taisho/t0220.html	taisho/t0220_522.html	0.7175	5119
陀羅尼	3	taisho/t1360.html	taisho/t1360_01.html	0.7175	264
陀羅尼	3	taisho/t1912.html	taisho/t1912_01.html	0.7175	45669
陀羅尼	3	taisho/t0489.html	taisho/t0489_08.html	0.7175	2659
陀羅尼	3	taisho/t1816.html	taisho/t1816_02.html	0.7175	25429
陀羅尼	3	taisho/t1250.html	taisho/t1250_01.html	0.7175	2457
陀羅尼	3	taisho/t0987.html	taisho/t0987_01.html	0.7175	2906
陀羅尼	3	taisho/t1399.html	taisho/t1399_01.html	0.7175	309
陀羅尼	3	taisho/t1784.html	taisho/t1784_06.html	0.7175	6020
陀羅尼	3	taisho/t1181.html	taisho/t1181_01.html	0.7175	1019
陀羅尼	3	taisho/t1067.html	taisho/t1067_01.html	0.7175	5565
陀羅尼	3	taisho/t2037.html	taisho/t2037_03.html	0.7175	50087
陀羅尼	3	taisho/t0310.html	taisho/t0310_111.html	0.7175	6524
陀羅尼	3	taisho/t1776.html	taisho/t1776_01.html	0.7175	27348
陀羅尼	3	taisho/t1668.html	taisho/t1668_03.html	0.7175	8932
陀羅尼	3	taisho/t0950.html	taisho/t0950_01.html	0.7175	4913
陀羅尼	3	taisho/t0847.html	taisho/t0847_01.html	0.7175	8509
陀羅尼	3	taisho/t2128.html	taisho/t2128_27.html	0.7175	16201
陀羅尼	3	taisho/t1046.html	taisho/t1046_01.html	0.7175	305
陀羅尼	3	taisho/t1340.html	taisho/t1340_06.html	0.7175	4679
陀羅尼	3	taisho/t2151.html	taisho/t2151_01.html	0.7175	5640
陀羅尼	3	taisho/t1520.html	taisho/t1520_01.html	0.7175	7941
陀羅尼	3	taisho/t0223.html	taisho/t0223_01.html	0.7175	6351
陀羅尼	3	taisho/t0220.html	taisho/t0220_414.html	0.7175	5172
陀羅尼	3	taisho/t0278.html	taisho/t0278_54.html	0.7175	5744
陀羅尼	3	taisho/t0278.html	taisho/t0278_10.html	0.7175	5598
陀羅尼	3	taisho/t0278.html	taisho/t0278_52.html	0.7175	5938
陀羅尼	3	taisho/t0278.html	taisho/t0278_48.html	0.7175	4352
陀羅尼	3	taisho/t0278.html	taisho/t0278_41.html	0.7175	3980
陀羅尼	3	taisho/t0658.html	taisho/t0658_02.html	0.7175	6616
陀羅尼	3	taisho/t0310.html	taisho/t0310_033.html	0.7175	4541
陀羅尼	3	taisho/t2147.html	taisho/t2147_01.html	0.7175	3509
陀羅尼	3	taisho/t0397.html	taisho/t0397_46.html	0.7175	4732
陀羅尼	3	taisho/t0262.html	taisho/t0262_06.html	0.7175	6958
陀羅尼	3	taisho/t0340.html	taisho/t0340_02.html	0.7175	3718
陀羅尼	3	taisho/t0946.html	taisho/t0946_05.html	0.7175	7059
陀羅尼	3	taisho/t0441.html	taisho/t0441_13.html	0.7175	2948
陀羅尼	3	taisho/t1735.html	taisho/t1735_56.html	0.7175	10522
陀羅尼	3	taisho/t1385.html	taisho/t1385_01.html	0.7175	446
陀羅尼	3	taisho/t0408.html	taisho/t0408_01.html	0.7175	4634
陀羅尼	3	taisho/t0675.html	taisho/t0675_05.html	0.7175	4187
陀羅尼	3	taisho/t1940.html	taisho/t1940_01.html	0.7175	6649
陀羅尼	3	taisho/t0305.html	taisho/t0305_05.html	0.7175	5213
陀羅尼	3	taisho/t0278.html	taisho/t0278_56.html	0.7175	6174
陀羅尼	3	taisho/t0976.html	taisho/t0976_01.html	0.7175	3204
陀羅尼	3	taisho/t1796.html	taisho/t1796_01.html	0.7175	15093
陀羅尼	3	taisho/t0221.html	taisho/t0221_15.html	0.7175	6686
陀羅尼	3	taisho/t1733.html	taisho/t1733_09.html	0.7175	16991
陀羅尼	3	taisho/t1078.html	taisho/t1078_01.html	0.7175	711
陀羅尼	3	taisho/t1890.html	taisho/t1890_01.html	0.7175	19335
陀羅尼	3	taisho/t0989.html	taisho/t0989_02.html	0.7175	5956
陀羅尼	3	taisho/t2055.html	taisho/t2055_01.html	0.7175	2359
陀羅尼	3	taisho/t1206.html	taisho/t1206_01.html	0.7175	325
陀羅尼	3	taisho/t1926.html	taisho/t1926_01.html	0.7175	4901
陀羅尼	3	taisho/t0625.html	taisho/t0625_03.html	0.7175	5081
陀羅尼	3	taisho/t1733.html	taisho/t1733_17.html	0.7175	24303
陀羅尼	3	taisho/t2061.html	taisho/t2061_01.html	0.7175	5598
陀羅尼	3	taisho/t1333.html	taisho/t1333_01.html	0.7175	3486
陀羅尼	3	taisho/t0842.html	taisho/t0842_01.html	0.7175	7914
陀羅尼	3	taisho/t1717.html	taisho/t1717_05.html	0.7175	8442
陀羅尼	3	taisho/t2128.html	taisho/t2128_39.html	0.7175	8540
陀羅尼	3	taisho/t1708.html	taisho/t1708_01.html	0.7175	28957
陀羅尼	3	taisho/t1916.html	taisho/t1916_03.html	0.7175	10470
陀羅尼	3	taisho/t1775.html	taisho/t1775_10.html	0.7175	6024
陀羅尼	3	taisho/t2129.html	taisho/t2129_07.html	0.7175	6090
陀羅尼	3	taisho/t1045b.html	taisho/t1045b_01.html	0.7175	2127
陀羅尼	3	taisho/t0278.html	taisho/t0278_13.html	0.7175	5341
陀羅尼	3	taisho/t1688.html	taisho/t1688_01.html	0.7175	5620
陀羅尼	3	taisho/t0278.html	taisho/t0278_12.html	0.7175	5113
陀羅尼	3	taisho/t0956.html	taisho/t0956_01.html	0.7175	4947
陀羅尼	3	taisho/t2034.html	taisho/t2034_06.html	0.7175	6334
陀羅尼	3	taisho/t1243.html	taisho/t1243_02.html	0.7175	2323
陀羅尼	3	taisho/t0279.html	taisho/t0279_22.html	0.7175	5506
陀羅尼	3	taisho/t0310.html	taisho/t0310_106.html	0.7175	4913
陀羅尼	3	taisho/t0310.html	taisho/t0310_085.html	0.7175	5205
陀羅尼	3	taisho/t1369b.html	taisho/t1369b_01.html	0.7175	346
陀羅尼	3	taisho/t0966.html	taisho/t0966_01.html	0.7175	4326
陀羅尼	3	taisho/t0397.html	taisho/t0397_06.html	0.7175	6301
陀羅尼	3	taisho/t0985.html	taisho/t0985_02.html	0.7175	6950
陀羅尼	3	taisho/t0397.html	taisho/t0397_55.html	0.7175	7415
陀羅尼	3	taisho/t0397.html	taisho/t0397_14.html	0.7175	6389
陀羅尼	3	taisho/t0664.html	taisho/t0664_01.html	0.7175	5370
陀羅尼	3	taisho/t1340.html	taisho/t1340_07.html	0.7175	4577
陀羅尼	3	taisho/t0625.html	taisho/t0625_04.html	0.7175	4490
陀羅尼	3	taisho/t0659.html	taisho/t0659_02.html	0.7175	6581
陀羅尼	3	taisho/t0489.html	taisho/t0489_05.html	0.7175	2335
陀羅尼	3	taisho/t0262.html	taisho/t0262_05.html	0.7175	7226
陀羅尼	3	taisho/t1717.html	taisho/t1717_10.html	0.7175	8526
陀羅尼	3	taisho/t0310.html	taisho/t0310_091.html	0.7175	3796
陀羅尼	3	taisho/t0441.html	taisho/t0441_01.html	0.7175	5872
陀羅尼	3	taisho/t0441.html	taisho/t0441_02.html	0.7175	3491
陀羅尼	3	taisho/t0441.html	taisho/t0441_14.html	0.7175	3620
陀羅尼	3	taisho/t0327.html	taisho/t0327_01.html	0.7175	5156
陀羅尼	3	taisho/t0157.html	taisho/t0157_07.html	0.7175	5846
陀羅尼	3	taisho/t1716.html	taisho/t1716_07.html	0.7175	14454
陀羅尼	3	taisho/t1939.html	taisho/t1939_01.html	0.7175	6292
陀羅尼	3	taisho/t0833.html	taisho/t0833_01.html	0.7175	3943
陀羅尼	3	taisho/t1715.html	taisho/t1715_01.html	0.7175	13281
陀羅尼	3	taisho/t0264.html	taisho/t0264_05.html	0.7175	7229
陀羅尼	3	taisho/t1660.html	taisho/t1660_06.html	0.7175	3234
陀羅尼	3	taisho/t1340.html	taisho/t1340_15.html	0.7175	5553
陀羅尼	3	taisho/t1340.html	taisho/t1340_16.html	0.7175	4078
陀羅尼	3	taisho/t2068.html	taisho/t2068_01.html	0.7175	4927
陀羅尼	3	taisho/t0901.html	taisho/t0901_05.html	0.7175	8365
陀羅尼	3	taisho/t0158.html	taisho/t0158_08.html	0.7175	3899
陀羅尼	3	taisho/t0300.html	taisho/t0300_01.html	0.7175	3442
陀羅尼	3	taisho/t1267.html	taisho/t1267_01.html	0.7175	804
陀羅尼	3	taisho/t1818.html	taisho/t1818_03.html	0.7175	12192
陀羅尼	3	taisho/t1157.html	taisho/t1157_01.html	0.7175	619
陀羅尼	3	taisho/t0586.html	taisho/t0586_04.html	0.7175	6661
陀羅尼	3	taisho/t1178.html	taisho/t1178_01.html	0.7175	368
陀羅尼	3	taisho/t0420.html	taisho/t0420_02.html	0.7175	5065
陀羅尼	3	taisho/t0625.html	taisho/t0625_02.html	0.7175	6207
陀羅尼	3	taisho/t0643.html	taisho/t0643_09.html	0.7175	5717
陀羅尼	3	taisho/t1796.html	taisho/t1796_09.html	0.7175	11544
陀羅尼	3	taisho/t0440.html	taisho/t0440_02.html	0.7175	4161
陀羅尼	3	taisho/t2034.html	taisho/t2034_03.html	0.7175	5484
陀羅尼	3	taisho/t2154.html	taisho/t2154_03.html	0.7175	9679
陀羅尼	3	taisho/t0158.html	taisho/t0158_02.html	0.7175	7087
陀羅尼	3	taisho/t1721.html	taisho/t1721_11.html	0.7175	10205
陀羅尼	3	taisho/t2122.html	taisho/t2122_84.html	0.7175	6197
陀羅尼	3	taisho/t2157.html	taisho/t2157_06.html	0.7175	13172
陀羅尼	3	taisho/t2128.html	taisho/t2128_38.html	0.7175	6448
陀羅尼	3	taisho/t2157.html	taisho/t2157_05.html	0.7175	9596
陀羅尼	3	taisho/t0445.html	taisho/t0445_01.html	0.7175	3296
陀羅尼	3	taisho/t0657.html	taisho/t0657_06.html	0.7175	9217
陀羅尼	3	taisho/t2157.html	taisho/t2157_04.html	0.7175	7089
陀羅尼	3	taisho/t1781.html	taisho/t1781_06.html	0.7175	14726
陀羅尼	2	taisho/t2154.html	taisho/t2154_18.html	0.7175	8712
陀羅尼	2	taisho/t2076.html	taisho/t2076_10.html	0.7175	8552
陀羅尼	2	taisho/t1265.html	taisho/t1265_01.html	0.7175	1123
陀羅尼	2	taisho/t2128.html	taisho/t2128_42.html	0.7175	8059
陀羅尼	2	taisho/t1611.html	taisho/t1611_01.html	0.7175	6338
陀羅尼	2	taisho/t1512.html	taisho/t1512_03.html	0.7175	9246
陀羅尼	2	taisho/t0279.html	taisho/t0279_43.html	0.7175	5479
陀羅尼	2	taisho/t2128.html	taisho/t2128_11.html	0.7175	11254
陀羅尼	2	taisho/t0264.html	taisho/t0264_04.html	0.7175	7487
陀羅尼	2	taisho/t2128.html	taisho/t2128_29.html	0.7175	9911
陀羅尼	2	taisho/t0440.html	taisho/t0440_01.html	0.7175	5182
陀羅尼	2	taisho/t1733.html	taisho/t1733_19.html	0.7175	16091
陀羅尼	2	taisho/t2157.html	taisho/t2157_28.html	0.7175	7467
陀羅尼	2	taisho/t2157.html	taisho/t2157_23.html	0.7175	13108
陀羅尼	2	taisho/t0293.html	taisho/t0293_33.html	0.7175	4354
陀羅尼	2	taisho/t1411.html	taisho/t1411_01.html	0.7175	318
陀羅尼	2	taisho/t1189.html	taisho/t1189_01.html	0.7175	4223
陀羅尼	2	taisho/t2060.html	taisho/t2060_02.html	0.7175	8841
陀羅尼	2	taisho/t1092.html	taisho/t1092_27.html	0.7175	4882
陀羅尼	2	taisho/t0157.html	taisho/t0157_03.html	0.7175	6209
陀羅尼	2	taisho/t0837.html	taisho/t0837_01.html	0.7175	3630
陀羅尼	2	taisho/t0319.html	taisho/t0319_01.html	0.7175	4632
陀羅尼	2	taisho/t0953.html	taisho/t0953_01.html	0.7175	8130
陀羅尼	2	taisho/t0951.html	taisho/t0951_05.html	0.7175	7558
陀羅尼	2	taisho/t1059.html	taisho/t1059_01.html	0.7175	2143
陀羅尼	2	taisho/t0223.html	taisho/t0223_24.html	0.7175	6976
陀羅尼	2	taisho/t1061.html	taisho/t1061_01.html	0.7175	1448
陀羅尼	2	taisho/t1728.html	taisho/t1728_01.html	0.7175	8887
陀羅尼	2	taisho/t0682.html	taisho/t0682_02.html	0.7175	6737
陀羅尼	2	taisho/t0374.html	taisho/t0374_28.html	0.7175	6492
陀羅尼	2	taisho/t1659.html	taisho/t1659_01.html	0.7175	4325
陀羅尼	2	taisho/t2034.html	taisho/t2034_07.html	0.7175	6044
陀羅尼	2	taisho/t0343.html	taisho/t0343_01.html	0.7175	1242
陀羅尼	2	taisho/t1092.html	taisho/t1092_16.html	0.7175	4268
陀羅尼	2	taisho/t2151.html	taisho/t2151_03.html	0.7175	5353
陀羅尼	2	taisho/t1375.html	taisho/t1375_01.html	0.7175	1027
陀羅尼	2	taisho/t1368.html	taisho/t1368_01.html	0.7175	162
陀羅尼	2	taisho/t2034.html	taisho/t2034_11.html	0.7175	7134
陀羅尼	2	taisho/t0301.html	taisho/t0301_01.html	0.7175	3116
陀羅尼	2	taisho/t0220.html	taisho/t0220_472.html	0.7175	4496
陀羅尼	2	taisho/t2084.html	taisho/t2084_03.html	0.7175	8053
陀羅尼	2	taisho/t1695.html	taisho/t1695_03.html	0.7175	13674
陀羅尼	2	taisho/t0278.html	taisho/t0278_39.html	0.7175	4863
陀羅尼	2	taisho/t1851.html	taisho/t1851_10.html	0.7175	22378
陀羅尼	2	taisho/t0866.html	taisho/t0866_04.html	0.7175	6796
陀羅尼	2	taisho/t0650.html	taisho/t0650_01.html	0.7175	5486
陀羅尼	2	taisho/t1097.html	taisho/t1097_02.html	0.7175	3673
陀羅尼	2	taisho/t2126.html	taisho/t2126_01.html	0.7175	7582
陀羅尼	2	taisho/t0951.html	taisho/t0951_04.html	0.7175	10784
陀羅尼	2	taisho/t0325.html	taisho/t0325_01.html	0.7175	4922
陀羅尼	2	taisho/t0220.html	taisho/t0220_572.html	0.7175	4866
陀羅尼	2	taisho/t0220.html	taisho/t0220_549.html	0.7175	5303
陀羅尼	2	taisho/t0644.html	taisho/t0644_01.html	0.7175	1971
陀羅尼	2	taisho/t0279.html	taisho/t0279_65.html	0.7175	4775
陀羅尼	2	taisho/t1249.html	taisho/t1249_01.html	0.7175	2407
陀羅尼	2	taisho/t0652.html	taisho/t0652_01.html	0.7175	2195
陀羅尼	2	taisho/t1323.html	taisho/t1323_01.html	0.7175	274
陀羅尼	2	taisho/t0952.html	taisho/t0952_01.html	0.7175	5610
陀羅尼	2	taisho/t0278.html	taisho/t0278_17.html	0.7175	5321
陀羅尼	2	taisho/t1264b.html	taisho/t1264b_01.html	0.7175	1273
陀羅尼	2	taisho/t1340.html	taisho/t1340_11.html	0.7175	4811
陀羅尼	2	taisho/t1062B.html	taisho/t1062B_01.html	0.7175	45
陀羅尼	2	taisho/t0787.html	taisho/t0787_01.html	0.7175	518
陀羅尼	2	taisho/t0423.html	taisho/t0423_04.html	0.7175	3525
陀羅尼	2	taisho/t1338.html	taisho/t1338_01.html	0.7175	239
陀羅尼	2	taisho/t1134A.html	taisho/t1134A_01.html	0.7175	1345
陀羅尼	2	taisho/t0682.html	taisho/t0682_03.html	0.7175	6646
陀羅尼	2	taisho/t0157.html	taisho/t0157_08.html	0.7175	5604
陀羅尼	2	taisho/t1602.html	taisho/t1602_03.html	0.7175	5794
陀羅尼	2	taisho/t1097.html	taisho/t1097_03.html	0.7175	5037
陀羅尼	2	taisho/t1814.html	taisho/t1814_01.html	0.7175	15946
陀羅尼	2	taisho/t2130.html	taisho/t2130_02.html	0.7175	8249
陀羅尼	2	taisho/t0279.html	taisho/t0279_58.html	0.7175	5779
陀羅尼	2	taisho/t1735.html	taisho/t1735_06.html	0.7175	9108
陀羅尼	2	taisho/t1838.html	taisho/t1838_01.html	0.7175	17260
陀羅尼	2	taisho/t0279.html	taisho/t0279_27.html	0.7175	5382
陀羅尼	2	taisho/t0904.html	taisho/t0904_01.html	0.7175	8849
陀羅尼	2	taisho/t1736.html	taisho/t1736_52.html	0.7175	9470
陀羅尼	2	taisho/t1736.html	taisho/t1736_89.html	0.7175	7805
陀羅尼	2	taisho/t1739.html	taisho/t1739_39.html	0.7175	8428
陀羅尼	2	taisho/t1801.html	taisho/t1801_04.html	0.7175	8523
陀羅尼	2	taisho/t0397.html	taisho/t0397_34.html	0.7175	5708
陀羅尼	2	taisho/t0397.html	taisho/t0397_10.html	0.7175	6533
陀羅尼	2	taisho/t0397.html	taisho/t0397_07.html	0.7175	5362
陀羅尼	2	taisho/t2153.html	taisho/t2153_02.html	0.7175	4046
陀羅尼	2	taisho/t0397.html	taisho/t0397_24.html	0.7175	4134
陀羅尼	2	taisho/t2128.html	taisho/t2128_25.html	0.7175	12007
陀羅尼	2	taisho/t1828.html	taisho/t1828_21.html	0.7175	26191
陀羅尼	2	taisho/t2122.html	taisho/t2122_21.html	0.7175	10502
陀羅尼	2	taisho/t0441.html	taisho/t0441_21.html	0.7175	3615
陀羅尼	2	taisho/t1930.html	taisho/t1930_01.html	0.7175	5210
陀羅尼	2	taisho/t1066.html	taisho/t1066_01.html	0.7175	2303
陀羅尼	2	taisho/t1843.html	taisho/t1843_02.html	0.7175	13661
陀羅尼	2	taisho/t1923.html	taisho/t1923_01.html	0.7175	4880
陀羅尼	2	taisho/t0694.html	taisho/t0694_02.html	0.7175	3358
陀羅尼	2	taisho/t0665.html	taisho/t0665_08.html	0.7175	4920
陀羅尼	2	taisho/t2034.html	taisho/t2034_04.html	0.7175	5854
陀羅尼	2	taisho/t1742.html	taisho/t1742_02.html	0.7175	7506
陀羅尼	2	taisho/t0642.html	taisho/t0642_01.html	0.7175	7678
陀羅尼	2	taisho/t1156A.html	taisho/t1156A_01.html	0.7175	1300
陀羅尼	2	taisho/t0157.html	taisho/t0157_02.html	0.7175	6195
陀羅尼	2	taisho/t0650.html	taisho/t0650_02.html	0.7175	4460
陀羅尼	2	taisho/t1795.html	taisho/t1795_02.html	0.7175	27212
陀羅尼	2	taisho/t1741.html	taisho/t1741_02.html	0.7175	10208
陀羅尼	2	taisho/t1870.html	taisho/t1870_03.html	0.7175	15991
陀羅尼	2	taisho/t0639.html	taisho/t0639_06.html	0.7175	6242
陀羅尼	2	taisho/t0298.html	taisho/t0298_01.html	0.7175	1128
陀羅尼	2	taisho/t1636.html	taisho/t1636_02.html	0.7175	2280
陀羅尼	2	taisho/t2156.html	taisho/t2156_02.html	0.7175	8897
陀羅尼	2	taisho/t0440.html	taisho/t0440_10.html	0.7175	4326
陀羅尼	2	taisho/t1727.html	taisho/t1727_04.html	0.7175	7170
陀羅尼	2	taisho/t1269.html	taisho/t1269_01.html	0.7175	534
陀羅尼	2	taisho/t0868.html	taisho/t0868_01.html	0.7175	2982
陀羅尼	2	taisho/t1383.html	taisho/t1383_01.html	0.7175	204
陀羅尼	2	taisho/t1796.html	taisho/t1796_08.html	0.7175	11214
陀羅尼	2	taisho/t0646.html	taisho/t0646_01.html	0.7175	5080
陀羅尼	2	taisho/t1251.html	taisho/t1251_02.html	0.7175	6256
陀羅尼	2	taisho/t0287.html	taisho/t0287_08.html	0.7175	3348
陀羅尼	2	taisho/t0220.html	taisho/t0220_571.html	0.7175	5091
陀羅尼	2	taisho/t0991.html	taisho/t0991_01.html	0.7175	3123
陀羅尼	2	taisho/t0889.html	taisho/t0889_01.html	0.7175	4309
陀羅尼	2	taisho/t0278.html	taisho/t0278_18.html	0.7175	5041
陀羅尼	2	taisho/t0278.html	taisho/t0278_60.html	0.7175	5465
陀羅尼	2	taisho/t1848.html	taisho/t1848_19.html	0.7175	6528
陀羅尼	2	taisho/t0278.html	taisho/t0278_14.html	0.7175	6277
陀羅尼	2	taisho/t0278.html	taisho/t0278_55.html	0.7175	6412
陀羅尼	2	taisho/t0278.html	taisho/t0278_21.html	0.7175	4487
陀羅尼	2	taisho/t0310.html	taisho/t0310_001.html	0.7175	5473
陀羅尼	2	taisho/t1341.html	taisho/t1341_14.html	0.7175	4016
陀羅尼	2	taisho/t0223.html	taisho/t0223_22.html	0.7175	5031
陀羅尼	2	taisho/t0545.html	taisho/t0545_01.html	0.7175	4078
陀羅尼	2	taisho/t1597.html	taisho/t1597_07.html	0.7175	6001
陀羅尼	2	taisho/t1048.html	taisho/t1048_01.html	0.7175	2006
陀羅尼	2	taisho/t1532.html	taisho/t1532_01.html	0.7175	4754
陀羅尼	2	taisho/t1963.html	taisho/t1963_01.html	0.7175	7108
陀羅尼	2	taisho/t1709.html	taisho/t1709_01.html	0.7175	29577
陀羅尼	2	taisho/t0920.html	taisho/t0920_02.html	0.7175	6614
陀羅尼	2	taisho/t1966.html	taisho/t1966_01.html	0.7175	6375
陀羅尼	2	taisho/t0279.html	taisho/t0279_11.html	0.7175	3363
陀羅尼	2	taisho/t0279.html	taisho/t0279_73.html	0.7175	4892
陀羅尼	2	taisho/t1044.html	taisho/t1044_01.html	0.7175	1474
陀羅尼	2	taisho/t1419.html	taisho/t1419_01.html	0.7175	22711
陀羅尼	2	taisho/t0279.html	taisho/t0279_66.html	0.7175	5933
陀羅尼	2	taisho/t1308.html	taisho/t1308_01.html	0.7175	12261
陀羅尼	2	taisho/t0310.html	taisho/t0310_086.html	0.7175	4041
陀羅尼	2	taisho/t1736.html	taisho/t1736_73.html	0.7175	7434
陀羅尼	2	taisho/t0310.html	taisho/t0310_058.html	0.7175	3938
陀羅尼	2	taisho/t1736.html	taisho/t1736_15.html	0.7175	7538
陀羅尼	2	taisho/t2016.html	taisho/t2016_100.html	0.7175	5814
陀羅尼	2	taisho/t2034.html	taisho/t2034_05.html	0.7175	5452
陀羅尼	2	taisho/t0479.html	taisho/t0479_02.html	0.7175	3277
陀羅尼	2	taisho/t1239.html	taisho/t1239_02.html	0.7175	5213
陀羅尼	2	taisho/t2016.html	taisho/t2016_51.html	0.7175	6366
陀羅尼	2	taisho/t0397.html	taisho/t0397_40.html	0.7175	3789
陀羅尼	2	taisho/t0944A.html	taisho/t0944A_01.html	0.7175	4749
陀羅尼	2	taisho/t0310.html	taisho/t0310_029.html	0.7175	2979
陀羅尼	2	taisho/t1509.html	taisho/t1509_49.html	0.7175	6235
陀羅尼	2	taisho/t1736.html	taisho/t1736_76.html	0.7175	6199
陀羅尼	2	taisho/t2016.html	taisho/t2016_99.html	0.7175	5274
陀羅尼	2	taisho/t2036.html	taisho/t2036_22.html	0.7175	21524
陀羅尼	2	taisho/t1401.html	taisho/t1401_01.html	0.7175	1635
陀羅尼	2	taisho/t0645.html	taisho/t0645_01.html	0.7175	6190
陀羅尼	2	taisho/t1205.html	taisho/t1205_01.html	0.7175	4825
陀羅尼	2	taisho/t0586.html	taisho/t0586_01.html	0.7175	6766
陀羅尼	2	taisho/t1777.html	taisho/t1777_01.html	0.7175	5538
陀羅尼	2	taisho/t0973.html	taisho/t0973_02.html	0.7175	5490
陀羅尼	2	taisho/t1092.html	taisho/t1092_26.html	0.7175	4850
陀羅尼	2	taisho/t2127.html	taisho/t2127_01.html	0.7175	21167
陀羅尼	2	taisho/t1522.html	taisho/t1522_07.html	0.7175	4623
陀羅尼	2	taisho/t1519.html	taisho/t1519_01.html	0.7175	4022
陀羅尼	2	taisho/t1911.html	taisho/t1911_10.html	0.7175	9740
陀羅尼	2	taisho/t0220.html	taisho/t0220_366.html	0.7175	4233
陀羅尼	2	taisho/t0901.html	taisho/t0901_07.html	0.7175	12137
陀羅尼	2	taisho/t2068.html	taisho/t2068_02.html	0.7175	4570
陀羅尼	2	taisho/t0262.html	taisho/t0262_04.html	0.7175	7484
陀羅尼	2	taisho/t1921.html	taisho/t1921_05.html	0.7175	6984
陀羅尼	2	taisho/t0480.html	taisho/t0480_01.html	0.7175	4248
陀羅尼	2	taisho/t1611.html	taisho/t1611_03.html	0.7175	8063
陀羅尼	2	taisho/t0278.html	taisho/t0278_58.html	0.7175	5941
陀羅尼	2	taisho/t0950.html	taisho/t0950_05.html	0.7175	2969
陀羅尼	2	taisho/t1733.html	taisho/t1733_02.html	0.7175	23859
陀羅尼	2	taisho/t0870.html	taisho/t0870_01.html	0.7175	3357
陀羅尼	2	taisho/t0279.html	taisho/t0279_07.html	0.7175	5039
陀羅尼	2	taisho/t0293.html	taisho/t0293_08.html	0.7175	4100
陀羅尼	2	taisho/t0949.html	taisho/t0949_01.html	0.7175	2097
陀羅尼	2	taisho/t1911.html	taisho/t1911_09.html	0.7175	16038
陀羅尼	2	taisho/t1929.html	taisho/t1929_11.html	0.7175	4063
陀羅尼	2	taisho/t0925.html	taisho/t0925_01.html	0.7175	4249
陀羅尼	2	taisho/t1381.html	taisho/t1381_01.html	0.7175	379
陀羅尼	2	taisho/t1228.html	taisho/t1228_01.html	0.7175	1227
陀羅尼	2	taisho/t0665.html	taisho/t0665_09.html	0.7175	5528
陀羅尼	2	taisho/t1796.html	taisho/t1796_07.html	0.7175	12242
陀羅尼	2	taisho/t0441.html	taisho/t0441_03.html	0.7175	2980
陀羅尼	2	taisho/t2039.html	taisho/t2039_03.html	0.7175	19163
陀羅尼	2	taisho/t0657.html	taisho/t0657_03.html	0.7175	7648
陀羅尼	2	taisho/t2034.html	taisho/t2034_08.html	0.7175	8011
陀羅尼	2	taisho/t0788.html	taisho/t0788_01.html	0.7175	507
陀羅尼	2	taisho/t0468.html	taisho/t0468_01.html	0.7175	7954
陀羅尼	2	taisho/t1911.html	taisho/t1911_04.html	0.7175	14317
陀羅尼	2	taisho/t0890.html	taisho/t0890_03.html	0.7175	6612
陀羅尼	2	taisho/t1718.html	taisho/t1718_06.html	0.7175	17802
陀羅尼	2	taisho/t0681.html	taisho/t0681_02.html	0.7175	6806
陀羅尼	2	taisho/t1363.html	taisho/t1363_01.html	0.7175	529
陀羅尼	2	taisho/t0220.html	taisho/t0220_409.html	0.7175	4714
陀羅尼	2	taisho/t1716.html	taisho/t1716_10.html	0.7175	14862
陀羅尼	2	taisho/t0475.html	taisho/t0475_03.html	0.7175	5234
陀羅尼	2	taisho/t0278.html	taisho/t0278_30.html	0.7175	3816
陀羅尼	2	taisho/t0651.html	taisho/t0651_03.html	0.7175	5736
陀羅尼	2	taisho/t0278.html	taisho/t0278_22.html	0.7175	4626
陀羅尼	2	taisho/t0665.html	taisho/t0665_06.html	0.7175	5011
陀羅尼	2	taisho/t0397.html	taisho/t0397_56.html	0.7175	8649
陀羅尼	2	taisho/t0952.html	taisho/t0952_02.html	0.7175	5696
陀羅尼	2	taisho/t0997.html	taisho/t0997_07.html	0.7175	4837
陀羅尼	2	taisho/t0848.html	taisho/t0848_05.html	0.7175	6049
陀羅尼	2	taisho/t1797.html	taisho/t1797_01.html	0.7175	9746
陀羅尼	2	taisho/t1744.html	taisho/t1744_02.html	0.7175	35192
陀羅尼	2	taisho/t0673.html	taisho/t0673_02.html	0.7175	6136
陀羅尼	2	taisho/t0761.html	taisho/t0761_06.html	0.7175	6403
陀羅尼	2	taisho/t1341.html	taisho/t1341_01.html	0.7175	5680
陀羅尼	2	taisho/t1317.html	taisho/t1317_01.html	0.7175	165
陀羅尼	2	taisho/t1412.html	taisho/t1412_01.html	0.7175	343
陀羅尼	2	taisho/t0278.html	taisho/t0278_27.html	0.7175	5314
陀羅尼	2	taisho/t0441.html	taisho/t0441_16.html	0.7175	4360
陀羅尼	2	taisho/t0566.html	taisho/t0566_01.html	0.7175	8051
陀羅尼	2	taisho/t0681.html	taisho/t0681_03.html	0.7175	6477
陀羅尼	2	taisho/t0375.html	taisho/t0375_26.html	0.7175	7234
陀羅尼	2	taisho/t0230.html	taisho/t0230_01.html	0.7175	704
陀羅尼	2	taisho/t0310.html	taisho/t0310_102.html	0.7175	4549
陀羅尼	2	taisho/t0441.html	taisho/t0441_30.html	0.7175	11221
陀羅尼	2	taisho/t0984.html	taisho/t0984_01.html	0.7175	6248
陀羅尼	2	taisho/t1749.html	taisho/t1749_01.html	0.7175	15554
陀羅尼	2	taisho/t0907.html	taisho/t0907_01.html	0.7175	1009
陀羅尼	2	taisho/t0279.html	taisho/t0279_18.html	0.7175	3620
陀羅尼	2	taisho/t0159.html	taisho/t0159_01.html	0.7175	4569
陀羅尼	2	taisho/t1695.html	taisho/t1695_01.html	0.7175	13054
陀羅尼	2	taisho/t0469.html	taisho/t0469_01.html	0.7175	575
陀羅尼	2	taisho/t1732.html	taisho/t1732_04.html	0.7175	19802
陀羅尼	2	taisho/t1796.html	taisho/t1796_14.html	0.7175	10893
陀羅尼	2	taisho/t0639.html	taisho/t0639_10.html	0.7175	7395
陀羅尼	2	taisho/t0397.html	taisho/t0397_30.html	0.7175	7396
陀羅尼	2	taisho/t0397.html	taisho/t0397_50.html	0.7175	12026
陀羅尼	2	taisho/t0397.html	taisho/t0397_09.html	0.7175	7455
陀羅尼	2	taisho/t1751.html	taisho/t1751_02.html	0.7175	7966
陀羅尼	2	taisho/t1912.html	taisho/t1912_04.html	0.7175	28160
陀羅尼	2	taisho/t2087.html	taisho/t2087_10.html	0.7175	6377
陀羅尼	2	taisho/t2153.html	taisho/t2153_05.html	0.7175	4089
陀羅尼	2	taisho/t0279.html	taisho/t0279_32.html	0.7175	3164
陀羅尼	2	taisho/t1509.html	taisho/t1509_89.html	0.7175	7737
陀羅尼	2	taisho/t1509.html	taisho/t1509_43.html	0.7175	5435
陀羅尼	2	taisho/t1509.html	taisho/t1509_83.html	0.7175	5258
陀羅尼	2	taisho/t1341.html	taisho/t1341_12.html	0.7175	3109
陀羅尼	2	taisho/t1522.html	taisho/t1522_10.html	0.7175	6913
陀羅尼	2	taisho/t0278.html	taisho/t0278_42.html	0.7175	5067
陀羅尼	2	taisho/t0441.html	taisho/t0441_22.html	0.7175	3143
陀羅尼	2	taisho/t0593.html	taisho/t0593_01.html	0.7175	1943
陀羅尼	2	taisho/t2017.html	taisho/t2017_01.html	0.7175	12586
陀羅尼	2	taisho/t1155.html	taisho/t1155_01.html	0.7175	6481
陀羅尼	2	taisho/t1592.html	taisho/t1592_02.html	0.7175	7210
陀羅尼	2	taisho/t0271.html	taisho/t0271_01.html	0.7175	4391
陀羅尼	2	taisho/t1579.html	taisho/t1579_48.html	0.7175	8215
陀羅尼	2	taisho/t1084.html	taisho/t1084_01.html	0.7175	1293
陀羅尼	2	taisho/t0643.html	taisho/t0643_04.html	0.7175	5541
陀羅尼	2	taisho/t0223.html	taisho/t0223_20.html	0.7175	4785
陀羅尼	2	taisho/t1778.html	taisho/t1778_10.html	0.7175	16254
陀羅尼	2	taisho/t2116.html	taisho/t2116_05.html	0.7175	5904
陀羅尼	2	taisho/t1801.html	taisho/t1801_03.html	0.7175	9834
陀羅尼	2	taisho/t2157.html	taisho/t2157_03.html	0.7175	8716
陀羅尼	2	taisho/t1864.html	taisho/t1864_01.html	0.7175	20050
陀羅尼	2	taisho/t0272.html	taisho/t0272_01.html	0.7175	4183
陀羅尼	2	taisho/t0664.html	taisho/t0664_02.html	0.7175	5991
陀羅尼	2	taisho/t1912.html	taisho/t1912_08.html	0.7175	24431
陀羅尼	2	taisho/t1736.html	taisho/t1736_88.html	0.7175	7375
陀羅尼	2	taisho/t1735.html	taisho/t1735_36.html	0.7175	9118
陀羅尼	2	taisho/t0158.html	taisho/t0158_05.html	0.7175	7804
陀羅尼	2	taisho/t1735.html	taisho/t1735_16.html	0.7175	9528
陀羅尼	2	taisho/t2016.html	taisho/t2016_45.html	0.7175	6045
陀羅尼	2	taisho/t1255b.html	taisho/t1255b_01.html	0.7175	1235
陀羅尼	2	taisho/t1866.html	taisho/t1866_04.html	0.7175	10500
陀羅尼	2	taisho/t1252a.html	taisho/t1252a_01.html	0.7175	324
陀羅尼	2	taisho/t2122.html	taisho/t2122_23.html	0.7175	7964
陀羅尼	2	taisho/t2035.html	taisho/t2035_31.html	0.7175	7773
陀羅尼	2	taisho/t0443.html	taisho/t0443_01.html	0.7175	3943
陀羅尼	2	taisho/t1699.html	taisho/t1699_01.html	0.7175	13553
陀羅尼	2	taisho/t1828.html	taisho/t1828_20.html	0.7175	25872
陀羅尼	2	taisho/t1799.html	taisho/t1799_02.html	0.7175	17887
陀羅尼	2	taisho/t1509.html	taisho/t1509_98.html	0.7175	6666
陀羅尼	2	taisho/t1417.html	taisho/t1417_01.html	0.7175	1290
陀羅尼	1	taisho/t1723.html	taisho/t1723_05.html	0.7175	23073
陀羅尼	1	taisho/t0895a.html	taisho/t0895a_01.html	0.7175	6447
陀羅尼	1	taisho/t0261.html	taisho/t0261_06.html	0.7175	4003
陀羅尼	1	taisho/t0227.html	taisho/t0227_10.html	0.7175	5717
陀羅尼	1	taisho/t0293.html	taisho/t0293_02.html	0.7175	4274
陀羅尼	1	taisho/t1341.html	taisho/t1341_15.html	0.7175	4070
陀羅尼	1	taisho/t1341.html	taisho/t1341_09.html	0.7175	4020
陀羅尼	1	taisho/t1914.html	taisho/t1914_01.html	0.7175	3342
陀羅尼	1	taisho/t1287.html	taisho/t1287_01.html	0.7175	2217
陀羅尼	1	taisho/t1925.html	taisho/t1925_01.html	0.7175	10253
陀羅尼	1	taisho/t1034.html	taisho/t1034_01.html	0.7175	441
陀羅尼	1	taisho/t1634.html	taisho/t1634_01.html	0.7175	6496
陀羅尼	1	taisho/t0231.html	taisho/t0231_04.html	0.7175	4506
陀羅尼	1	taisho/t1822.html	taisho/t1822_30.html	0.7175	6480
陀羅尼	1	taisho/t0665.html	taisho/t0665_10.html	0.7175	4985
陀羅尼	1	taisho/t1832.html	taisho/t1832_02.html	0.7175	29119
陀羅尼	1	taisho/t0484.html	taisho/t0484_01.html	0.7175	3507
陀羅尼	1	taisho/t1734.html	taisho/t1734_01.html	0.7175	10471
陀羅尼	1	taisho/t1335.html	taisho/t1335_03.html	0.7175	3123
陀羅尼	1	taisho/t0228.html	taisho/t0228_24.html	0.7175	3470
陀羅尼	1	taisho/t2133B.html	taisho/t2133B_01.html	0.7175	8420
陀羅尼	1	taisho/t1255a.html	taisho/t1255a_01.html	0.7175	786
陀羅尼	1	taisho/t1796.html	taisho/t1796_06.html	0.7175	8724
陀羅尼	1	taisho/t1965.html	taisho/t1965_01.html	0.7175	9967
陀羅尼	1	taisho/t1934.html	taisho/t1934_04.html	0.7175	8734
陀羅尼	1	taisho/t0293.html	taisho/t0293_14.html	0.7175	3904
陀羅尼	1	taisho/t0261.html	taisho/t0261_03.html	0.7175	5910
陀羅尼	1	taisho/t1720.html	taisho/t1720_03.html	0.7175	7158
陀羅尼	1	taisho/t1843.html	taisho/t1843_01.html	0.7175	16382
陀羅尼	1	taisho/t0882.html	taisho/t0882_05.html	0.7175	3963
陀羅尼	1	taisho/t0639.html	taisho/t0639_01.html	0.7175	4447
陀羅尼	1	taisho/t1742.html	taisho/t1742_01.html	0.7175	7698
陀羅尼	1	taisho/t1773.html	taisho/t1773_01.html	0.7175	4214
陀羅尼	1	taisho/t1717.html	taisho/t1717_01.html	0.7175	8981
陀羅尼	1	taisho/t1830.html	taisho/t1830_01.html	0.7175	40450
陀羅尼	1	taisho/t1786.html	taisho/t1786_01.html	0.7175	15519
陀羅尼	1	taisho/t0951.html	taisho/t0951_01.html	0.7175	9005
陀羅尼	1	taisho/t1180.html	taisho/t1180_01.html	0.7175	682
陀羅尼	1	taisho/t0869.html	taisho/t0869_01.html	0.7175	2591
陀羅尼	1	taisho/t0431.html	taisho/t0431_01.html	0.7175	1088
陀羅尼	1	taisho/t1916.html	taisho/t1916_02.html	0.7175	8364
陀羅尼	1	taisho/t0543.html	taisho/t0543_01.html	0.7175	2310
陀羅尼	1	taisho/t0189.html	taisho/t0189_01.html	0.7175	7096
陀羅尼	1	taisho/t0268.html	taisho/t0268_01.html	0.7175	3616
陀羅尼	1	taisho/t0895b.html	taisho/t0895b_02.html	0.7175	6525
陀羅尼	1	taisho/t0634.html	taisho/t0634_03.html	0.7175	1968
陀羅尼	1	taisho/t2153.html	taisho/t2153_15.html	0.7175	2413
陀羅尼	1	taisho/t1851.html	taisho/t1851_01.html	0.7175	26620
陀羅尼	1	taisho/t0586.html	taisho/t0586_02.html	0.7175	6105
陀羅尼	1	taisho/t0293.html	taisho/t0293_24.html	0.7175	4289
陀羅尼	1	taisho/t2078.html	taisho/t2078_09.html	0.7175	5544
陀羅尼	1	taisho/t1796.html	taisho/t1796_17.html	0.7175	10583
陀羅尼	1	taisho/t2145.html	taisho/t2145_07.html	0.7175	5856
陀羅尼	1	taisho/t0400.html	taisho/t0400_17.html	0.7175	2243
陀羅尼	1	taisho/t1814.html	taisho/t1814_02.html	0.7175	21309
陀羅尼	1	taisho/t0299.html	taisho/t0299_02.html	0.7175	3725
陀羅尼	1	taisho/t0464.html	taisho/t0464_01.html	0.7175	1914
陀羅尼	1	taisho/t1134B.html	taisho/t1134B_01.html	0.7175	498
陀羅尼	1	taisho/t1799.html	taisho/t1799_04.html	0.7175	18599
陀羅尼	1	taisho/t1695.html	taisho/t1695_02.html	0.7175	13983
陀羅尼	1	taisho/t0974B.html	taisho/t0974B_01.html	0.7175	1109
陀羅尼	1	taisho/t0660.html	taisho/t0660_05.html	0.7175	4462
陀羅尼	1	taisho/t2084.html	taisho/t2084_01.html	0.7175	10958
陀羅尼	1	taisho/t0476.html	taisho/t0476_06.html	0.7175	3786
陀羅尼	1	taisho/t1341.html	taisho/t1341_08.html	0.7175	4965
陀羅尼	1	taisho/t2064.html	taisho/t2064_02.html	0.7175	7517
陀羅尼	1	taisho/t1779.html	taisho/t1779_02.html	0.7175	16328
陀羅尼	1	taisho/t1723.html	taisho/t1723_09.html	0.7175	22501
陀羅尼	1	taisho/t1961.html	taisho/t1961_01.html	0.7175	4717
陀羅尼	1	taisho/t0221.html	taisho/t0221_06.html	0.7175	7293
陀羅尼	1	taisho/t1916.html	taisho/t1916_04.html	0.7175	7909
陀羅尼	1	taisho/t0379.html	taisho/t0379_03.html	0.7175	4453
陀羅尼	1	taisho/t2053.html	taisho/t2053_06.html	0.7175	5266
陀羅尼	1	taisho/t0404.html	taisho/t0404_05.html	0.7175	4789
陀羅尼	1	taisho/t1732.html	taisho/t1732_02.html	0.7175	17096
陀羅尼	1	taisho/t1596.html	taisho/t1596_01.html	0.7175	5196
陀羅尼	1	taisho/t1521.html	taisho/t1521_05.html	0.7175	5014
陀羅尼	1	taisho/t0157.html	taisho/t0157_06.html	0.7175	5745
陀羅尼	1	taisho/t1341.html	taisho/t1341_07.html	0.7175	5118
陀羅尼	1	taisho/t1707.html	taisho/t1707_03.html	0.7175	16289
陀羅尼	1	taisho/t0190.html	taisho/t0190_11.html	0.7175	4243
陀羅尼	1	taisho/t1722.html	taisho/t1722_01.html	0.7175	18743
陀羅尼	1	taisho/t0889.html	taisho/t0889_02.html	0.7175	3698
陀羅尼	1	taisho/t1637.html	taisho/t1637_01.html	0.7175	2123
陀羅尼	1	taisho/t0852a.html	taisho/t0852a_02.html	0.7175	8067
陀羅尼	1	taisho/t1636.html	taisho/t1636_24.html	0.7175	2634
陀羅尼	1	taisho/t0220.html	taisho/t0220_565.html	0.7175	4621
陀羅尼	1	taisho/t1526.html	taisho/t1526_01.html	0.7175	3513
陀羅尼	1	taisho/t0416.html	taisho/t0416_01.html	0.7175	4304
陀羅尼	1	taisho/t0220.html	taisho/t0220_554.html	0.7175	5755
陀羅尼	1	taisho/t0220.html	taisho/t0220_532.html	0.7175	4800
陀羅尼	1	taisho/t0220.html	taisho/t0220_533.html	0.7175	4892
陀羅尼	1	taisho/t1856.html	taisho/t1856_01.html	0.7175	7584
陀羅尼	1	taisho/t2126.html	taisho/t2126_03.html	0.7175	10622
陀羅尼	1	taisho/t0220.html	taisho/t0220_485.html	0.7175	5031
陀羅尼	1	taisho/t0220.html	taisho/t0220_100.html	0.7175	4413
陀羅尼	1	taisho/t0278.html	taisho/t0278_07.html	0.7175	5412
陀羅尼	1	taisho/t0157.html	taisho/t0157_04.html	0.7175	6370
陀羅尼	1	taisho/t2129.html	taisho/t2129_10.html	0.7175	8011
陀羅尼	1	taisho/t0278.html	taisho/t0278_36.html	0.7175	4296
陀羅尼	1	taisho/t0278.html	taisho/t0278_51.html	0.7175	4864
陀羅尼	1	taisho/t0278.html	taisho/t0278_23.html	0.7175	5274
陀羅尼	1	taisho/t0278.html	taisho/t0278_09.html	0.7175	5808
陀羅尼	1	taisho/t1819.html	taisho/t1819_02.html	0.7175	9289
陀羅尼	1	taisho/t0220.html	taisho/t0220_473.html	0.7175	4645
陀羅尼	1	taisho/t1177A.html	taisho/t1177A_02.html	0.7175	3172
陀羅尼	1	taisho/t1175.html	taisho/t1175_01.html	0.7175	6385
陀羅尼	1	taisho/t2072.html	taisho/t2072_01.html	0.7175	10860
陀羅尼	1	taisho/t0220.html	taisho/t0220_056.html	0.7175	5453
陀羅尼	1	taisho/t0220.html	taisho/t0220_469.html	0.7175	5024
陀羅尼	1	taisho/t1789.html	taisho/t1789_04.html	0.7175	21765
陀羅尼	1	taisho/t0279.html	taisho/t0279_34.html	0.7175	5330
陀羅尼	1	taisho/t0220.html	taisho/t0220_525.html	0.7175	5693
陀羅尼	1	taisho/t0279.html	taisho/t0279_67.html	0.7175	4867
陀羅尼	1	taisho/t0279.html	taisho/t0279_40.html	0.7175	3633
陀羅尼	1	taisho/t0279.html	taisho/t0279_55.html	0.7175	4324
陀羅尼	1	taisho/t0382.html	taisho/t0382_01.html	0.7175	4867
陀羅尼	1	taisho/t0245.html	taisho/t0245_02.html	0.7175	3787
陀羅尼	1	taisho/t0279.html	taisho/t0279_59.html	0.7175	5901
陀羅尼	1	taisho/t0279.html	taisho/t0279_57.html	0.7175	5090
陀羅尼	1	taisho/t0279.html	taisho/t0279_46.html	0.7175	3807
陀羅尼	1	taisho/t0402.html	taisho/t0402_01.html	0.7175	3859
陀羅尼	1	taisho/t0293.html	taisho/t0293_12.html	0.7175	5148
陀羅尼	1	taisho/t0310.html	taisho/t0310_082.html	0.7175	8367
陀羅尼	1	taisho/t1177A.html	taisho/t1177A_06.html	0.7175	4366
陀羅尼	1	taisho/t1235.html	taisho/t1235_01.html	0.7175	686
陀羅尼	1	taisho/t0310.html	taisho/t0310_089.html	0.7175	6158
陀羅尼	1	taisho/t1733.html	taisho/t1733_05.html	0.7175	22870
陀羅尼	1	taisho/t0310.html	taisho/t0310_032.html	0.7175	4639
陀羅尼	1	taisho/t0310.html	taisho/t0310_025.html	0.7175	4673
陀羅尼	1	taisho/t0310.html	taisho/t0310_081.html	0.7175	6217
陀羅尼	1	taisho/t0423.html	taisho/t0423_03.html	0.7175	3144
陀羅尼	1	taisho/t0278.html	taisho/t0278_29.html	0.7175	3405
陀羅尼	1	taisho/t0430.html	taisho/t0430_01.html	0.7175	591
陀羅尼	1	taisho/t0310.html	taisho/t0310_107.html	0.7175	4138
陀羅尼	1	taisho/t2154.html	taisho/t2154_05.html	0.7175	12218
陀羅尼	1	taisho/t0374.html	taisho/t0374_29.html	0.7175	5953
陀羅尼	1	taisho/t0665.html	taisho/t0665_03.html	0.7175	3640
陀羅尼	1	taisho/t1636.html	taisho/t1636_10.html	0.7175	2641
陀羅尼	1	taisho/t0397.html	taisho/t0397_27.html	0.7175	7734
陀羅尼	1	taisho/t0397.html	taisho/t0397_13.html	0.7175	8682
陀羅尼	1	taisho/t0397.html	taisho/t0397_48.html	0.7175	6176
陀羅尼	1	taisho/t2080.html	taisho/t2080_01.html	0.7175	5132
陀羅尼	1	taisho/t0319.html	taisho/t0319_02.html	0.7175	5466
陀羅尼	1	taisho/t1636.html	taisho/t1636_25.html	0.7175	2696
陀羅尼	1	taisho/t1717.html	taisho/t1717_09.html	0.7175	8184
陀羅尼	1	taisho/t1717.html	taisho/t1717_19.html	0.7175	8175
陀羅尼	1	taisho/t1509.html	taisho/t1509_65.html	0.7175	6066
陀羅尼	1	taisho/t1509.html	taisho/t1509_38.html	0.7175	6277
陀羅尼	1	taisho/t1509.html	taisho/t1509_46.html	0.7175	6650
陀羅尼	1	taisho/t0187.html	taisho/t0187_04.html	0.7175	6632
陀羅尼	1	taisho/t1740.html	taisho/t1740_01.html	0.7175	2096
陀羅尼	1	taisho/t1757.html	taisho/t1757_01.html	0.7175	19605
陀羅尼	1	taisho/t0279.html	taisho/t0279_23.html	0.7175	4828
陀羅尼	1	taisho/t1974.html	taisho/t1974_02.html	0.7175	16437
陀羅尼	1	taisho/t1509.html	taisho/t1509_90.html	0.7175	6249
陀羅尼	1	taisho/t0665.html	taisho/t0665_02.html	0.7175	4540
陀羅尼	1	taisho/t1668.html	taisho/t1668_10.html	0.7175	4354
陀羅尼	1	taisho/t0279.html	taisho/t0279_77.html	0.7175	7047
陀羅尼	1	taisho/t2155.html	taisho/t2155_01.html	0.7175	3639
陀羅尼	1	taisho/t2154.html	taisho/t2154_01.html	0.7175	10768
陀羅尼	1	taisho/t0997.html	taisho/t0997_08.html	0.7175	5123
陀羅尼	1	taisho/t1598.html	taisho/t1598_01.html	0.7175	5823
陀羅尼	1	taisho/t1912.html	taisho/t1912_05.html	0.7175	56517
陀羅尼	1	taisho/t0303.html	taisho/t0303_01.html	0.7175	3094
陀羅尼	1	taisho/t1191.html	taisho/t1191_01.html	0.7175	3169
陀羅尼	1	taisho/t1873.html	taisho/t1873_01.html	0.7175	8366
陀羅尼	1	taisho/t1750.html	taisho/t1750_01.html	0.7175	9277
陀羅尼	1	taisho/t0931.html	taisho/t0931_01.html	0.7175	1935
陀羅尼	1	taisho/t1003.html	taisho/t1003_01.html	0.7175	3832
陀羅尼	1	taisho/t1735.html	taisho/t1735_52.html	0.7175	6639
陀羅尼	1	taisho/t1579.html	taisho/t1579_44.html	0.7175	5721
陀羅尼	1	taisho/t0824.html	taisho/t0824_01.html	0.7175	7826
陀羅尼	1	taisho/t1597.html	taisho/t1597_01.html	0.7175	5564
陀羅尼	1	taisho/t1509.html	taisho/t1509_37.html	0.7175	6077
陀羅尼	1	taisho/t0945.html	taisho/t0945_04.html	0.7175	5219
陀羅尼	1	taisho/t2001.html	taisho/t2001_08.html	0.7175	16033
陀羅尼	1	taisho/t1871.html	taisho/t1871_01.html	0.7175	7716
陀羅尼	1	taisho/t1263.html	taisho/t1263_01.html	0.7175	547
陀羅尼	1	taisho/t0761.html	taisho/t0761_01.html	0.7175	6097
陀羅尼	1	taisho/t1042.html	taisho/t1042_01.html	0.7175	661
陀羅尼	1	taisho/t1522.html	taisho/t1522_08.html	0.7175	5983
陀羅尼	1	taisho/t0411.html	taisho/t0411_02.html	0.7175	6148
陀羅尼	1	taisho/t1815.html	taisho/t1815_02.html	0.7175	19788
陀羅尼	1	taisho/t1582.html	taisho/t1582_08.html	0.7175	6063
陀羅尼	1	taisho/t0310.html	taisho/t0310_067.html	0.7175	4962
陀羅尼	1	taisho/t0223.html	taisho/t0223_21.html	0.7175	6257
陀羅尼	1	taisho/t1735.html	taisho/t1735_38.html	0.7175	7571
陀羅尼	1	taisho/t0310.html	taisho/t0310_017.html	0.7175	4630
陀羅尼	1	taisho/t1735.html	taisho/t1735_03.html	0.7175	9914
陀羅尼	1	taisho/t1735.html	taisho/t1735_59.html	0.7175	7615
陀羅尼	1	taisho/t0639.html	taisho/t0639_04.html	0.7175	3929
陀羅尼	1	taisho/t0261.html	taisho/t0261_01.html	0.7175	4674
陀羅尼	1	taisho/t0896.html	taisho/t0896_04.html	0.7175	2903
陀羅尼	1	taisho/t0410.html	taisho/t0410_08.html	0.7175	3286
陀羅尼	1	taisho/t1747.html	taisho/t1747_01.html	0.7175	6559
陀羅尼	1	taisho/t1716.html	taisho/t1716_01.html	0.7175	12617
陀羅尼	1	taisho/t1264a.html	taisho/t1264a_01.html	0.7175	636
陀羅尼	1	taisho/t1340.html	taisho/t1340_04.html	0.7175	4999
陀羅尼	1	taisho/t0441.html	taisho/t0441_12.html	0.7175	2795
陀羅尼	1	taisho/t1736.html	taisho/t1736_62.html	0.7175	10198
陀羅尼	1	taisho/t0220.html	taisho/t0220_479.html	0.7175	5012
陀羅尼	1	taisho/t1736.html	taisho/t1736_83.html	0.7175	6554
陀羅尼	1	taisho/t1736.html	taisho/t1736_86.html	0.7175	6020
陀羅尼	1	taisho/t0310.html	taisho/t0310_084.html	0.7175	2714
陀羅尼	1	taisho/t1736.html	taisho/t1736_60.html	0.7175	10580
陀羅尼	1	taisho/t1735.html	taisho/t1735_31.html	0.7175	10385
陀羅尼	1	taisho/t0220.html	taisho/t0220_508.html	0.7175	4795
陀羅尼	1	taisho/t0220.html	taisho/t0220_036.html	0.7175	5386
陀羅尼	1	taisho/t0220.html	taisho/t0220_546.html	0.7175	5291
陀羅尼	1	taisho/t0220.html	taisho/t0220_530.html	0.7175	4905
陀羅尼	1	taisho/t0311.html	taisho/t0311_01.html	0.7175	4038
陀羅尼	1	taisho/t1763.html	taisho/t1763_24.html	0.7175	2727
陀羅尼	1	taisho/t0262.html	taisho/t0262_01.html	0.7175	6767
陀羅尼	1	taisho/t0220.html	taisho/t0220_562.html	0.7175	5048
陀羅尼	1	taisho/t0220.html	taisho/t0220_359.html	0.7175	4797
陀羅尼	1	taisho/t2016.html	taisho/t2016_21.html	0.7175	7444
陀羅尼	1	taisho/t2067.html	taisho/t2067_10.html	0.7175	6916
陀羅尼	1	taisho/t1779.html	taisho/t1779_05.html	0.7175	16903
陀羅尼	1	taisho/t1730.html	taisho/t1730_03.html	0.7175	19567
陀羅尼	1	taisho/t2016.html	taisho/t2016_10.html	0.7175	6693
陀羅尼	1	taisho/t1736.html	taisho/t1736_28.html	0.7175	9257
陀羅尼	1	taisho/t0278.html	taisho/t0278_33.html	0.7175	5303
陀羅尼	1	taisho/t2149.html	taisho/t2149_07.html	0.7175	3827
陀羅尼	1	taisho/t2131.html	taisho/t2131_02.html	0.7175	19541
陀羅尼	1	taisho/t0278.html	taisho/t0278_35.html	0.7175	5240
陀羅尼	1	taisho/t2016.html	taisho/t2016_02.html	0.7175	7274
陀羅尼	1	taisho/t0397.html	taisho/t0397_47.html	0.7175	6793
陀羅尼	1	taisho/t1920.html	taisho/t1920_01.html	0.7175	2310
陀羅尼	1	taisho/t1031.html	taisho/t1031_01.html	0.7175	1659
陀羅尼	1	taisho/t0438.html	taisho/t0438_01.html	0.7175	966
陀羅尼	1	taisho/t2035.html	taisho/t2035_09.html	0.7175	6924
陀羅尼	1	taisho/t0220.html	taisho/t0220_413.html	0.7175	5280
陀羅尼	1	taisho/t1780.html	taisho/t1780_07.html	0.7175	7808
陀羅尼	1	taisho/t2035.html	taisho/t2035_40.html	0.7175	6755
陀羅尼	1	taisho/t2016.html	taisho/t2016_36.html	0.7175	8835
陀羅尼	1	taisho/t1521.html	taisho/t1521_07.html	0.7175	5887
陀羅尼	1	taisho/t1739.html	taisho/t1739_17.html	0.7175	8290
陀羅尼	1	taisho/t2099.html	taisho/t2099_01.html	0.7175	8407
陀羅尼	1	taisho/t0220.html	taisho/t0220_461.html	0.7175	4513
陀羅尼	1	taisho/t0279.html	taisho/t0279_17.html	0.7175	5871
陀羅尼	1	taisho/t0220.html	taisho/t0220_420.html	0.7175	4490
陀羅尼	1	taisho/t1829.html	taisho/t1829_05.html	0.7175	19668
陀羅尼	1	taisho/t0876.html	taisho/t0876_01.html	0.7175	3918
陀羅尼	1	taisho/t1861.html	taisho/t1861_01.html	0.7175	24480
陀羅尼	1	taisho/t2036.html	taisho/t2036_09.html	0.7175	11591
陀羅尼	1	taisho/t0279.html	taisho/t0279_78.html	0.7175	6061
陀羅尼	1	taisho/t0279.html	taisho/t0279_80.html	0.7175	4814
陀羅尼	1	taisho/t2076.html	taisho/t2076_27.html	0.7175	9140
陀羅尼	1	taisho/t0852b.html	taisho/t0852b_02.html	0.7175	7003
陀羅尼	1	taisho/t1754.html	taisho/t1754_03.html	0.7175	11474
陀羅尼	1	taisho/t0659.html	taisho/t0659_04.html	0.7175	6642
陀羅尼	1	taisho/t2061.html	taisho/t2061_05.html	0.7175	7027
陀羅尼	1	taisho/t2060.html	taisho/t2060_23.html	0.7175	9007
陀羅尼	1	taisho/t0905.html	taisho/t0905_01.html	0.7175	2975
陀羅尼	1	taisho/t0382.html	taisho/t0382_03.html	0.7175	4826
陀羅尼	1	taisho/t0279.html	taisho/t0279_02.html	0.7175	4235
陀羅尼	1	taisho/t0278.html	taisho/t0278_25.html	0.7175	6541
陀羅尼	1	taisho/t2122.html	taisho/t2122_16.html	0.7175	6550
陀羅尼	1	taisho/t1509.html	taisho/t1509_25.html	0.7175	5804
陀羅尼	1	taisho/t2122.html	taisho/t2122_36.html	0.7175	10195
陀羅尼	1	taisho/t0310.html	taisho/t0310_059.html	0.7175	4672
陀羅尼	1	taisho/t0310.html	taisho/t0310_030.html	0.7175	4606
陀羅尼	1	taisho/t1509.html	taisho/t1509_57.html	0.7175	4046
陀羅尼	1	taisho/t0465.html	taisho/t0465_01.html	0.7175	2540
陀羅尼	1	taisho/t2122.html	taisho/t2122_09.html	0.7175	10190
陀羅尼	1	taisho/t1509.html	taisho/t1509_34.html	0.7175	5715
陀羅尼	1	taisho/t2077.html	taisho/t2077_11.html	0.7175	6546
陀羅尼	1	taisho/t0854.html	taisho/t0854_02.html	0.7175	278
陀羅尼	1	taisho/t2036.html	taisho/t2036_13.html	0.7175	12698
陀羅尼	1	taisho/t0761.html	taisho/t0761_02.html	0.7175	5145
陀羅尼	1	taisho/t1862.html	taisho/t1862_01.html	0.7175	9197
陀羅尼	1	taisho/t1796.html	taisho/t1796_11.html	0.7175	12963
陀羅尼	1	taisho/t0397.html	taisho/t0397_18.html	0.7175	5614
陀羅尼	1	taisho/t0397.html	taisho/t0397_17.html	0.7175	7539
陀羅尼	1	taisho/t1202.html	taisho/t1202_01.html	0.7175	3877
陀羅尼	1	taisho/t0821.html	taisho/t0821_01.html	0.7175	3618
陀羅尼	1	taisho/t1970.html	taisho/t1970_05.html	0.7175	4331
陀羅尼	1	taisho/t0279.html	taisho/t0279_29.html	0.7175	3375
陀羅尼	1	taisho/t2128.html	taisho/t2128_41.html	0.7175	14215
陀羅尼	1	taisho/t2068.html	taisho/t2068_09.html	0.7175	5252
陀羅尼	1	taisho/t0896.html	taisho/t0896_03.html	0.7175	4102
陀羅尼	1	taisho/t2129.html	taisho/t2129_05.html	0.7175	9346
陀羅尼	1	taisho/t2128.html	taisho/t2128_19.html	0.7175	8058
陀羅尼	1	taisho/t2128.html	taisho/t2128_12.html	0.7175	10006
陀羅尼	1	taisho/t0279.html	taisho/t0279_42.html	0.7175	4494
陀羅尼	1	taisho/t1509.html	taisho/t1509_33.html	0.7175	5520
陀羅尼	1	taisho/t0279.html	taisho/t0279_64.html	0.7175	4758
陀羅尼	1	taisho/t1911.html	taisho/t1911_03.html	0.7175	15203
陀羅尼	1	taisho/t0659.html	taisho/t0659_01.html	0.7175	5770
陀羅尼	1	taisho/t0383.html	taisho/t0383_01.html	0.7175	4659
陀羅尼	1	taisho/t1958.html	taisho/t1958_02.html	0.7175	8170
陀羅尼	1	taisho/t1509.html	taisho/t1509_87.html	0.7175	7815
陀羅尼	1	taisho/t1091.html	taisho/t1091_01.html	0.7175	1223
陀羅尼	1	taisho/t0293.html	taisho/t0293_09.html	0.7175	4024
陀羅尼	1	taisho/t1735.html	taisho/t1735_57.html	0.7175	10313
陀羅尼	1	taisho/t0293.html	taisho/t0293_03.html	0.7175	4084
陀羅尼	1	taisho/t0387.html	taisho/t0387_01.html	0.7175	4960
陀羅尼	1	taisho/t2157.html	taisho/t2157_08.html	0.7175	6307
陀羅尼	1	taisho/t2001.html	taisho/t2001_04.html	0.7175	24030
陀羅尼	1	taisho/t1509.html	taisho/t1509_88.html	0.7175	8606
陀羅尼	1	taisho/t1669.html	taisho/t1669_08.html	0.7175	1129
陀羅尼	1	taisho/t1579.html	taisho/t1579_50.html	0.7175	6832
陀羅尼	1	taisho/t1767.html	taisho/t1767_33.html	0.7175	6827
陀羅尼	1	taisho/t0485.html	taisho/t0485_03.html	0.7175	4920
陀羅尼	1	taisho/t1736.html	taisho/t1736_46.html	0.7175	8995
陀羅尼	1	taisho/t0310.html	taisho/t0310_096.html	0.7175	2657
陀羅尼	1	taisho/t1736.html	taisho/t1736_87.html	0.7175	6299
陀羅尼	1	taisho/t1729.html	taisho/t1729_01.html	0.7175	6352
陀羅尼	1	taisho/t1736.html	taisho/t1736_41.html	0.7175	8900
陀羅尼	1	taisho/t1752.html	taisho/t1752_01.html	0.7175	13554
陀羅尼	1	taisho/t0677.html	taisho/t0677_01.html	0.7175	3186
陀羅尼	1	taisho/t1248.html	taisho/t1248_01.html	0.7175	2283
陀羅尼	1	taisho/t1603.html	taisho/t1603_01.html	0.7175	3827
陀羅尼	1	taisho/t1340.html	taisho/t1340_19.html	0.7175	4913
陀羅尼	1	taisho/t0652.html	taisho/t0652_03.html	0.7175	2540
陀羅尼	1	taisho/t1745.html	taisho/t1745_01.html	0.7175	15658
陀羅尼	1	taisho/t2054.html	taisho/t2054_01.html	0.7175	11921
陀羅尼	1	taisho/t0678.html	taisho/t0678_01.html	0.7175	3240
陀羅尼	1	taisho/t0848.html	taisho/t0848_06.html	0.7175	4616
陀羅尼	1	taisho/t2132.html	taisho/t2132_01.html	0.7175	4194
陀羅尼	1	taisho/t1020.html	taisho/t1020_01.html	0.7175	378
陀羅尼	1	taisho/t0476.html	taisho/t0476_04.html	0.7175	5503
陀羅尼	1	taisho/t0999.html	taisho/t0999_01.html	0.7175	3740
陀羅尼	1	taisho/t1739.html	taisho/t1739_19.html	0.7175	8142
陀羅尼	1	taisho/t2062.html	taisho/t2062_02.html	0.7175	3136
陀羅尼	1	taisho/t1777.html	taisho/t1777_04.html	0.7175	7746
陀羅尼	1	taisho/t0667.html	taisho/t0667_01.html	0.7175	5076
陀羅尼	1	taisho/t0897.html	taisho/t0897_03.html	0.7175	4168
陀羅尼	1	taisho/t2016.html	taisho/t2016_37.html	0.7175	7222
陀羅尼	1	taisho/t0404.html	taisho/t0404_08.html	0.7175	4194
陀羅尼	1	taisho/t2016.html	taisho/t2016_94.html	0.7175	5449
陀羅尼	1	taisho/t1828.html	taisho/t1828_04.html	0.7175	25236
陀羅尼	1	taisho/t1782.html	taisho/t1782_06.html	0.7175	21292
陀羅尼	1	taisho/t1937.html	taisho/t1937_01.html	0.7175	9838
陀羅尼	1	taisho/t0634.html	taisho/t0634_01.html	0.7175	2075
陀羅尼	1	taisho/t1669.html	taisho/t1669_02.html	0.7175	1688
陀羅尼	1	taisho/t0233.html	taisho/t0233_01.html	0.7175	6194
陀羅尼	1	taisho/t1331.html	taisho/t1331_08.html	0.7175	2961
陀羅尼	1	taisho/t1595.html	taisho/t1595_01.html	0.7175	8111
陀羅尼	1	taisho/t1733.html	taisho/t1733_12.html	0.7175	20553
陀羅尼	1	taisho/t0587.html	taisho/t0587_01.html	0.7175	5167
陀羅尼	1	taisho/t1531.html	taisho/t1531_01.html	0.7175	4518
陀羅尼	1	taisho/t2016.html	taisho/t2016_46.html	0.7175	7782
陀羅尼	1	taisho/t0239.html	taisho/t0239_01.html	0.7175	3702
陀羅尼	1	taisho/t0848.html	taisho/t0848_01.html	0.7175	6372
陀羅尼	1	taisho/t2004.html	taisho/t2004_06.html	0.7175	13340
陀羅尼	1	taisho/t0997.html	taisho/t0997_06.html	0.7175	4340
陀羅尼	1	taisho/t0448b.html	taisho/t0448b_01.html	0.7175	5052
陀羅尼	1	taisho/t0447a.html	taisho/t0447a_01.html	0.7175	7070
陀羅尼	1	taisho/t0190.html	taisho/t0190_06.html	0.7175	4254
陀羅尼	1	taisho/t2035.html	taisho/t2035_37.html	0.7175	5394
陀羅尼	1	taisho/t1761.html	taisho/t1761_01.html	0.7175	8507
陀羅尼	1	taisho/t0643.html	taisho/t0643_03.html	0.7175	6545
陀羅尼	1	taisho/t0663.html	taisho/t0663_01.html	0.7175	4258
陀羅尼	1	taisho/t1796.html	taisho/t1796_02.html	0.7175	13806
陀羅尼	1	taisho/t1785.html	taisho/t1785_03.html	0.7175	7568
陀羅尼	1	taisho/t1736.html	taisho/t1736_38.html	0.7175	9755
陀羅尼	1	taisho/t0774.html	taisho/t0774_01.html	0.7175	2541
陀羅尼	1	taisho/t1735.html	taisho/t1735_49.html	0.7175	9900
陀羅尼	1	taisho/t0220.html	taisho/t0220_493.html	0.7175	4858
陀羅尼	1	taisho/t0883.html	taisho/t0883_02.html	0.7175	3842
陀羅尼	1	taisho/t0220.html	taisho/t0220_500.html	0.7175	4674
陀羅尼	1	taisho/t1213.html	taisho/t1213_01.html	0.7175	32
陀羅尼	1	taisho/t0877.html	taisho/t0877_01.html	0.7175	2035
陀羅尼	1	taisho/t1998A.html	taisho/t1998A_12.html	0.7175	4162
陀羅尼	1	taisho/t1779.html	taisho/t1779_06.html	0.7175	16006
陀羅尼	1	taisho/t1316.html	taisho/t1316_01.html	0.7175	76
陀羅尼	1	taisho/t1917.html	taisho/t1917_01.html	0.7175	7239
陀羅尼	1	taisho/t1733.html	taisho/t1733_10.html	0.7175	15818
陀羅尼	1	taisho/t0586.html	taisho/t0586_03.html	0.7175	6912
陀羅尼	1	taisho/t2076.html	taisho/t2076_18.html	0.7175	10769
陀羅尼	1	taisho/t2076.html	taisho/t2076_06.html	0.7175	6674
陀羅尼	1	taisho/t1732.html	taisho/t1732_03.html	0.7175	24308
陀羅尼	1	taisho/t1223.html	taisho/t1223_01.html	0.7175	2383
陀羅尼	1	taisho/t0278.html	taisho/t0278_15.html	0.7175	5095
陀羅尼	1	taisho/t0278.html	taisho/t0278_19.html	0.7175	5159
陀羅尼	1	taisho/t0220.html	taisho/t0220_385.html	0.7175	4469
陀羅尼	1	taisho/t0278.html	taisho/t0278_08.html	0.7175	5009
陀羅尼	1	taisho/t0297.html	taisho/t0297_01.html	0.7175	1457
陀羅尼	1	taisho/t2130.html	taisho/t2130_01.html	0.7175	8244
陀羅尼	1	taisho/t2122.html	taisho/t2122_81.html	0.7175	5840
陀羅尼	1	taisho/t0666.html	taisho/t0666_01.html	0.7175	2785
陀羅尼	1	taisho/t0220.html	taisho/t0220_401.html	0.7175	5951
陀羅尼	1	taisho/t0223.html	taisho/t0223_25.html	0.7175	4968
陀羅尼	1	taisho/t0293.html	taisho/t0293_06.html	0.7175	4333
陀羅尼	1	taisho/t0220.html	taisho/t0220_387.html	0.7175	4442
陀羅尼	1	taisho/t2122.html	taisho/t2122_96.html	0.7175	8318
陀羅尼	1	taisho/t2072.html	taisho/t2072_02.html	0.7175	11049
陀羅尼	1	taisho/t0404.html	taisho/t0404_04.html	0.7175	3551
陀羅尼	1	taisho/t1035.html	taisho/t1035_01.html	0.7175	1009
陀羅尼	1	taisho/t0287.html	taisho/t0287_09.html	0.7175	3698
陀羅尼	1	taisho/t0293.html	taisho/t0293_21.html	0.7175	4109
陀羅尼	1	taisho/t1513.html	taisho/t1513_03.html	0.7175	2776
陀羅尼	1	taisho/t0279.html	taisho/t0279_61.html	0.7175	4371
陀羅尼	1	taisho/t2128.html	taisho/t2128_21.html	0.7175	11556
陀羅尼	1	taisho/t1174.html	taisho/t1174_01.html	0.7175	2479
陀羅尼	1	taisho/t0279.html	taisho/t0279_41.html	0.7175	3641
陀羅尼	1	taisho/t0279.html	taisho/t0279_15.html	0.7175	4462
陀羅尼	1	taisho/t1721.html	taisho/t1721_06.html	0.7175	16451
陀羅尼	1	taisho/t1239.html	taisho/t1239_03.html	0.7175	2386
陀羅尼	1	taisho/t0279.html	taisho/t0279_39.html	0.7175	5361
陀羅尼	1	taisho/t0279.html	taisho/t0279_50.html	0.7175	5425
陀羅尼	1	taisho/t2037.html	taisho/t2037_02.html	0.7175	37005
陀羅尼	1	taisho/t1521.html	taisho/t1521_16.html	0.7175	6897
陀羅尼	1	taisho/t2016.html	taisho/t2016_12.html	0.7175	5587
陀羅尼	1	taisho/t1522.html	taisho/t1522_01.html	0.7175	7431
陀羅尼	1	taisho/t1921.html	taisho/t1921_01.html	0.7175	8209
陀羅尼	1	taisho/t1960.html	taisho/t1960_03.html	0.7175	7239
陀羅尼	1	taisho/t1916.html	taisho/t1916_08.html	0.7175	7063
陀羅尼	1	taisho/t0310.html	taisho/t0310_099.html	0.7175	4858
陀羅尼	1	taisho/t0913.html	taisho/t0913_01.html	0.7175	1810
陀羅尼	1	taisho/t1512.html	taisho/t1512_01.html	0.7175	7137
陀羅尼	1	taisho/t1341.html	taisho/t1341_03.html	0.7175	4475
陀羅尼	1	taisho/t1786.html	taisho/t1786_05.html	0.7175	13764
陀羅尼	1	taisho/t0157.html	taisho/t0157_09.html	0.7175	5018
陀羅尼	1	taisho/t0404.html	taisho/t0404_01.html	0.7175	3978
陀羅尼	1	taisho/t0651.html	taisho/t0651_01.html	0.7175	3575
陀羅尼	1	taisho/t0375.html	taisho/t0375_27.html	0.7175	5983
陀羅尼	1	taisho/t1786.html	taisho/t1786_02.html	0.7175	15966
陀羅尼	1	taisho/t2035.html	taisho/t2035_33.html	0.7175	6604
陀羅尼	1	taisho/t1254.html	taisho/t1254_01.html	0.7175	3795
陀羅尼	1	taisho/t0669.html	taisho/t0669_01.html	0.7175	5383
陀羅尼	1	taisho/t1909.html	taisho/t1909_02.html	0.7175	3548
陀羅尼	1	taisho/t0945.html	taisho/t0945_10.html	0.7175	4147
陀羅尼	1	taisho/t0159.html	taisho/t0159_06.html	0.7175	4017
陀羅尼	1	taisho/t0279.html	taisho/t0279_36.html	0.7175	3520
陀羅尼	1	taisho/t0985.html	taisho/t0985_01.html	0.7175	5644
陀羅尼	1	taisho/t0900.html	taisho/t0900_01.html	0.7175	1880
陀羅尼	1	taisho/t1593.html	taisho/t1593_03.html	0.7175	6070
陀羅尼	1	taisho/t0400.html	taisho/t0400_14.html	0.7175	2249
陀羅尼	1	taisho/t1736.html	taisho/t1736_05.html	0.7175	7005
陀羅尼	1	taisho/t0649.html	taisho/t0649_03.html	0.7175	5409
陀羅尼	1	taisho/t0898.html	taisho/t0898_01.html	0.7175	3992
陀羅尼	1	taisho/t1716.html	taisho/t1716_09.html	0.7175	13534
陀羅尼	1	taisho/t0279.html	taisho/t0279_54.html	0.7175	4259
陀羅尼	1	taisho/t1736.html	taisho/t1736_43.html	0.7175	9347
陀羅尼	1	taisho/t1736.html	taisho/t1736_84.html	0.7175	8261
陀羅尼	1	taisho/t2120.html	taisho/t2120_05.html	0.7175	5241
陀羅尼	1	taisho/t0639.html	taisho/t0639_09.html	0.7175	5302
陀羅尼	1	taisho/t1509.html	taisho/t1509_35.html	0.7175	7665
陀羅尼	1	taisho/t1596.html	taisho/t1596_09.html	0.7175	5173
陀羅尼	1	taisho/t1509.html	taisho/t1509_53.html	0.7175	5885
陀羅尼	1	taisho/t1509.html	taisho/t1509_100.html	0.7175	5971
陀羅尼	1	taisho/t1669.html	taisho/t1669_05.html	0.7175	1333
陀羅尼	1	taisho/t2149.html	taisho/t2149_01.html	0.7175	6232
陀羅尼	1	taisho/t0341.html	taisho/t0341_01.html	0.7175	5230
陀羅尼	1	taisho/t0587.html	taisho/t0587_05.html	0.7175	5328
陀羅尼	1	taisho/t1998A.html	taisho/t1998A_23.html	0.7175	5077
陀羅尼	1	taisho/t1735.html	taisho/t1735_37.html	0.7175	7191
陀羅尼	1	taisho/t1735.html	taisho/t1735_10.html	0.7175	6486
陀羅尼	1	taisho/t0267.html	taisho/t0267_03.html	0.7175	5229
陀羅尼	1	taisho/t0286.html	taisho/t0286_02.html	0.7175	5619
陀羅尼	1	taisho/t0400.html	taisho/t0400_13.html	0.7175	2120
陀羅尼	1	taisho/t1636.html	taisho/t1636_23.html	0.7175	2779
陀羅尼	1	taisho/t0286.html	taisho/t0286_01.html	0.7175	7755
陀羅尼	1	taisho/t1733.html	taisho/t1733_16.html	0.7175	19826
陀羅尼	1	taisho/t1332.html	taisho/t1332_04.html	0.7175	6166
陀羅尼	1	taisho/t1021.html	taisho/t1021_01.html	0.7175	102
陀羅尼	1	taisho/t1856.html	taisho/t1856_02.html	0.7175	7213
陀羅尼	1	taisho/t1861.html	taisho/t1861_02.html	0.7175	27509
陀羅尼	1	taisho/t1796.html	taisho/t1796_13.html	0.7175	13503
陀羅尼	1	taisho/t0223.html	taisho/t0223_27.html	0.7175	6703
陀羅尼	1	taisho/t2016.html	taisho/t2016_79.html	0.7175	6968
陀羅尼	1	taisho/t1736.html	taisho/t1736_48.html	0.7175	8075
陀羅尼	1	taisho/t2145.html	taisho/t2145_14.html	0.7175	7890
陀羅尼	1	taisho/t0375.html	taisho/t0375_28.html	0.7175	6086
陀羅尼	1	taisho/t2123.html	taisho/t2123_04.html	0.7175	11154
陀羅尼	1	taisho/t0639.html	taisho/t0639_02.html	0.7175	6783
陀羅尼	1	taisho/t0443.html	taisho/t0443_06.html	0.7175	3126
陀羅尼	1	taisho/t1656.html	taisho/t1656_01.html	0.7175	8030
陀羅尼	1	taisho/t1710.html	taisho/t1710_02.html	0.7175	9949
陀羅尼	1	taisho/t0948.html	taisho/t0948_01.html	0.7175	1475
陀羅尼	1	taisho/t0268.html	taisho/t0268_04.html	0.7175	3550
陀羅尼	1	taisho/t2016.html	taisho/t2016_50.html	0.7175	6603
陀羅尼	1	taisho/t2016.html	taisho/t2016_49.html	0.7175	6528
陀羅尼	1	taisho/t2016.html	taisho/t2016_23.html	0.7175	8616
陀羅尼	1	taisho/t2016.html	taisho/t2016_41.html	0.7175	6477
陀羅尼	1	taisho/t0397.html	taisho/t0397_03.html	0.7175	7110
陀羅尼	1	taisho/t1778.html	taisho/t1778_02.html	0.7175	17770
陀羅尼	1	taisho/t1668.html	taisho/t1668_05.html	0.7175	7374
陀羅尼	1	taisho/t2122.html	taisho/t2122_63.html	0.7175	9803
陀羅尼	1	taisho/t0231.html	taisho/t0231_01.html	0.7175	6038
陀羅尼	1	taisho/t1766.html	taisho/t1766_01.html	0.7175	8119
陀羅尼	1	taisho/t2035.html	taisho/t2035_07.html	0.7175	3504
陀羅尼	1	taisho/t2035.html	taisho/t2035_04.html	0.7175	5658
陀羅尼	1	taisho/t2061.html	taisho/t2061_25.html	0.7175	6529
陀羅尼	1	taisho/t0953.html	taisho/t0953_03.html	0.7175	5284
陀羅尼	1	taisho/t2061.html	taisho/t2061_21.html	0.7175	7427
陀羅尼	1	taisho/t1896.html	taisho/t1896_02.html	0.7175	7943
陀羅尼	1	taisho/t2121.html	taisho/t2121_04.html	0.7175	4898
陀羅尼	1	taisho/t0626.html	taisho/t0626_01.html	0.7175	9271
陀羅尼	1	taisho/t1733.html	taisho/t1733_06.html	0.7175	25990
陀羅尼	1	taisho/t1778.html	taisho/t1778_09.html	0.7175	14260
陀羅尼	1	taisho/t2122.html	taisho/t2122_89.html	0.7175	11194
陀羅尼	1	taisho/t2123.html	taisho/t2123_01.html	0.7175	7663
陀羅尼	1	taisho/t1509.html	taisho/t1509_32.html	0.7175	6071
陀羅尼	1	taisho/t2128.html	taisho/t2128_08.html	0.7175	10588
陀羅尼	1	taisho/t1733.html	taisho/t1733_04.html	0.7175	28874
陀羅尼	1	taisho/t2150.html	taisho/t2150_01.html	0.7175	4016
陀羅尼	1	taisho/t2128.html	taisho/t2128_28.html	0.7175	9723
陀羅尼	1	taisho/t1719.html	taisho/t1719_07.html	0.7175	24670
陀羅尼	1	taisho/t2128.html	taisho/t2128_18.html	0.7175	10647
陀羅尼	1	taisho/t0478.html	taisho/t0478_01.html	0.7175	5376
陀羅尼	1	taisho/t1002.html	taisho/t1002_01.html	0.7175	581
陀羅尼	1	taisho/t2157.html	taisho/t2157_11.html	0.7175	7772
陀羅尼	1	taisho/t0293.html	taisho/t0293_35.html	0.7175	4792
陀羅尼	1	taisho/t1719.html	taisho/t1719_08.html	0.7175	23280
陀羅尼	1	taisho/t1778.html	taisho/t1778_03.html	0.7175	12977
陀羅尼	1	taisho/t0642.html	taisho/t0642_02.html	0.7175	7960
陀羅尼	1	taisho/t0789.html	taisho/t0789_01.html	0.7175	351
陀羅尼	1	taisho/t1113A.html	taisho/t1113A_01.html	0.7175	1194
陀羅尼	1	taisho/t1735.html	taisho/t1735_47.html	0.7175	8120
陀羅尼	1	taisho/t1718.html	taisho/t1718_01.html	0.7175	16714
陀羅尼	1	taisho/t1796.html	taisho/t1796_04.html	0.7175	11079
陀羅尼	1	taisho/t1149.html	taisho/t1149_01.html	0.7175	1933
陀羅尼	1	taisho/t2127.html	taisho/t2127_03.html	0.7175	16973
陀羅尼	1	taisho/t2128.html	taisho/t2128_20.html	0.7175	8329
陀羅尼	1	taisho/t0651.html	taisho/t0651_02.html	0.7175	3392
陀羅尼	1	taisho/t1083.html	taisho/t1083_01.html	0.7175	2028
陀羅尼	1	taisho/t2074.html	taisho/t2074_01.html	0.7175	5672
陀羅尼	1	taisho/t2087.html	taisho/t2087_07.html	0.7175	5533
陀羅尼	1	taisho/t0634.html	taisho/t0634_02.html	0.7175	2088
陀羅尼	1	taisho/t1365.html	taisho/t1365_01.html	0.7175	400
陀羅尼	1	taisho/t2129.html	taisho/t2129_04.html	0.7175	7900
陀羅尼	1	taisho/t0657.html	taisho/t0657_09.html	0.7175	8328
陀羅尼	1	taisho/t0825.html	taisho/t0825_01.html	0.7175	1188
陀羅尼	1	taisho/t1079.html	taisho/t1079_01.html	0.7175	1311
陀羅尼	1	taisho/t0587.html	taisho/t0587_03.html	0.7175	4840
陀羅尼	1	taisho/t0901.html	taisho/t0901_06.html	0.7175	8197
陀羅尼	1	taisho/t1891.html	taisho/t1891_01.html	0.7175	4478
陀羅尼	1	taisho/t1846.html	taisho/t1846_03.html	0.7175	20802
陀羅尼	1	taisho/t1779.html	taisho/t1779_03.html	0.7175	15322
陀羅尼	1	taisho/t2128.html	taisho/t2128_01.html	0.7175	11342
陀羅尼	1	taisho/t2131.html	taisho/t2131_06.html	0.7175	24458
陀羅尼	1	taisho/t0634.html	taisho/t0634_05.html	0.7175	2319
陀羅尼	1	taisho/t2075.html	taisho/t2075_01.html	0.7175	18993
陀羅尼	1	taisho/t1932.html	taisho/t1932_01.html	0.7175	6134
陀羅尼	1	taisho/t2050.html	taisho/t2050_01.html	0.7175	8088
陀羅尼	1	taisho/t1227.html	taisho/t1227_03.html	0.7175	6627
陀羅尼	1	taisho/t1960.html	taisho/t1960_05.html	0.7175	6690
陀羅尼	1	taisho/t0187.html	taisho/t0187_12.html	0.7175	5218
陀羅尼	1	taisho/t2016.html	taisho/t2016_85.html	0.7175	4765
陀羅尼	1	taisho/t1788.html	taisho/t1788_02.html	0.7175	28656
陀羅尼	1	taisho/t0476.html	taisho/t0476_01.html	0.7175	3284
陀羅尼	1	taisho/t1738.html	taisho/t1738_01.html	0.7175	10107
陀羅尼	1	taisho/t0286.html	taisho/t0286_03.html	0.7175	8186
陀羅尼	1	taisho/t1578.html	taisho/t1578_02.html	0.7175	5078
陀羅尼	1	taisho/t1636.html	taisho/t1636_11.html	0.7175	2857
陀羅尼	1	taisho/t0975.html	taisho/t0975_01.html	0.7175	2404
陀羅尼	1	taisho/t1981.html	taisho/t1981_01.html	0.7175	8386
陀羅尼	1	taisho/t1796.html	taisho/t1796_12.html	0.7175	10321
陀羅尼	1	taisho/t1349.html	taisho/t1349_01.html	0.7175	711
陀羅尼	1	taisho/t1666.html	taisho/t1666_01.html	0.7175	7662
陀羅尼	1	taisho/t0933.html	taisho/t0933_01.html	0.7175	566
陀羅尼	1	taisho/t2130.html	taisho/t2130_05.html	0.7175	5283
陀羅尼	1	taisho/t0639.html	taisho/t0639_07.html	0.7175	6026
陀羅尼	1	taisho/t1786.html	taisho/t1786_04.html	0.7175	14848
陀羅尼	1	taisho/t2145.html	taisho/t2145_12.html	0.7175	10050
陀羅尼	1	taisho/t1719.html	taisho/t1719_01.html	0.7175	24612
陀羅尼	1	taisho/t1797.html	taisho/t1797_02.html	0.7175	10967
陀羅尼	1	taisho/t0231.html	taisho/t0231_05.html	0.7175	4580
陀羅尼	1	taisho/t0158.html	taisho/t0158_04.html	0.7175	7440
陀羅尼	1	taisho/t1728.html	taisho/t1728_02.html	0.7175	7793
陀羅尼	1	taisho/t1764.html	taisho/t1764_10.html	0.7175	34552
陀羅尼	1	taisho/t1637.html	taisho/t1637_02.html	0.7175	2542
陀羅尼	1	taisho/t1191.html	taisho/t1191_11.html	0.7175	4058
陀羅尼	1	taisho/t2019A.html	taisho/t2019A_01.html	0.7175	5553
陀羅尼	1	taisho/t0400.html	taisho/t0400_01.html	0.7175	2563
陀羅尼	1	taisho/t0293.html	taisho/t0293_13.html	0.7175	3364
陀羅尼	1	taisho/t1105.html	taisho/t1105_01.html	0.7175	2986
陀羅尼	1	taisho/t2053.html	taisho/t2053_10.html	0.7175	4806
陀羅尼	1	taisho/t0945.html	taisho/t0945_02.html	0.7175	5146
陀羅尼	1	taisho/t0156.html	taisho/t0156_01.html	0.7175	5693
陀羅尼	1	taisho/t0440.html	taisho/t0440_09.html	0.7175	4812
陀羅尼	1	taisho/t1796.html	taisho/t1796_15.html	0.7175	11764
陀羅尼	1	taisho/t2034.html	taisho/t2034_10.html	0.7175	5322
陀羅尼	1	taisho/t0674.html	taisho/t0674_02.html	0.7175	4386
陀羅尼	1	taisho/t2130.html	taisho/t2130_10.html	0.7175	4737
陀羅尼	1	taisho/t1776.html	taisho/t1776_03.html	0.7175	29435
陀羅尼	1	taisho/t0410.html	taisho/t0410_03.html	0.7175	5132
陀羅尼	1	taisho/t0658.html	taisho/t0658_01.html	0.7175	5933
陀羅尼	1	taisho/t0950.html	taisho/t0950_03.html	0.7175	4557
陀羅尼	1	taisho/t1304.html	taisho/t1304_01.html	0.7175	1243
陀羅尼	1	taisho/t1733.html	taisho/t1733_01.html	0.7175	19454
陀羅尼	1	taisho/t0832.html	taisho/t0832_01.html	0.7175	966
陀羅尼	1	taisho/t1720.html	taisho/t1720_01.html	0.7175	11945
陀羅尼	1	taisho/t1805.html	taisho/t1805_02.html	0.7175	136292
陀羅尼	1	taisho/t0374.html	taisho/t0374_30.html	0.7175	6064
陀羅尼	1	taisho/t0222.html	taisho/t0222_10.html	0.7175	5603
陀羅尼	1	taisho/t1320.html	taisho/t1320_01.html	0.7175	8951
陀羅尼	1	taisho/t1362.html	taisho/t1362_01.html	0.7175	912
陀羅尼	1	taisho/t1799.html	taisho/t1799_08.html	0.7175	18340
陀羅尼	1	taisho/t1911.html	taisho/t1911_01.html	0.7175	10841
陀羅尼	1	taisho/t0223.html	taisho/t0223_07.html	0.7175	7436
陀羅尼	1	taisho/t0377.html	taisho/t0377_01.html	0.7175	6326
陀羅尼	1	taisho/t0524.html	taisho/t0524_01.html	0.7175	2645
陀羅尼	1	taisho/t1723.html	taisho/t1723_04.html	0.7175	22119
陀羅尼	1	taisho/t0447b.html	taisho/t0447b_01.html	0.7175	4114
陀羅尼	1	taisho/t1577.html	taisho/t1577_01.html	0.7175	5643
陀羅尼	1	taisho/t1111.html	taisho/t1111_01.html	0.7175	1986
陀羅尼	1	taisho/t2130.html	taisho/t2130_06.html	0.7175	7003
陀羅尼	1	taisho/t1735.html	taisho/t1735_51.html	0.7175	6455
陀羅尼	1	taisho/t1783.html	taisho/t1783_02.html	0.7175	6005
陀羅尼	1	taisho/t1717.html	taisho/t1717_11.html	0.7175	7825
